placeUrl,title,rating,reviewCount,category,address,plusCode,website,phoneNumber,currentStatus,imgUrl,isClaimed,tuesday,wednesday,thursday,friday,saturday,sunday,monday,query,timestamp,info,error
https://www.google.com/maps/place/Thornton%27s+Tree+Service/data=!4m7!3m6!1s0x8656ed8939020e27:0x19f811ca5ea3f9ef!8m2!3d32.411838!4d-99.7435002!16s%2Fg%2F1v3khy5k!19sChIJJw4COYntVoYR7_mjXsoR-Bk,Thornton's Tree Service,4.9,705,Tree service,"1701 S 32nd St, Abilene, TX 79602, United States","C764+PH Abilene, Texas, USA",https://www.thorntonstreeservice.com/?utm_campaign=gmb,+1 325-770-0410,Open 24 hours,https://lh3.googleusercontent.com/gps-cs-s/APNQkAFf82gp_VMZnygABsBdEAId9i8VOLaV4oxM2XLj9PXvvaCz4f6vDjdJTi9WX75xpumTR1bWN6rTyY2NoHy_zXyRoCINRFLFjy4nQzXBkQgpGy9_Hq5BAZeY3WoSkaniaiK_lYcM=w408-h248-k-no,true,Open 24 hours,Open 24 hours,Open 24 hours,Open 24 hours,Open 24 hours,Open 24 hours,Open 24 hours,"https://www.google.com/maps/search/tree+service+businesses+in+Sweetwater+Abilene+TX/@32.4534878,-99.7312829,14z",2026-04-29T04:32:09.618Z,,
https://www.google.com/maps/place/Blue+J+Landscape+And+Tree+Service+LLC/data=!4m7!3m6!1s0x3dd34ab18d3ddd3:0x32bf2752262cc510!8m2!3d32.4526082!4d-99.7619459!16s%2Fg%2F11t9v375vh!19sChIJ093TGKs03QMREMUsJlInvzI,Blue J Landscape And Tree Service LLC,4.9,28,Tree service,"3301 N 3rd St STE 129, Abilene, TX 79603, United States","F63Q+26 Abilene, Texas, USA",http://bluejlandscapeandtreeservice.com/,+1 325-518-8031,Open 24 hours,https://lh3.googleusercontent.com/gps-cs-s/APNQkAH8mTy7LsnOP6qDjuxPuOOWWEDcaGhhujKG6J_N5VI94S4ymdwQmobZNs2g4z0EnZHQ9ByzalPlBk45SKg8nb5xprjLVYvZzBXs0iQ5DJSAt429K26botAFRkQ6z507_Y8KWddR=w408-h544-k-no,true,Open 24 hours,Open 24 hours,Open 24 hours,Open 24 hours,Open 24 hours,Open 24 hours,Open 24 hours,"https://www.google.com/maps/search/tree+service+businesses+in+Sweetwater+Abilene+TX/@32.4534878,-99.7312829,14z",2026-04-29T04:32:15.291Z,,
https://www.google.com/maps/place/Leaf+It+To+Me+Tree+Service+And+Mowing/data=!4m7!3m6!1s0x86568f95b0dc13cd:0xf10492f27d0fd9d2!8m2!3d32.4850734!4d-99.7456952!16s%2Fg%2F11wnnc23y1!19sChIJzRPcsJWPVoYR0tkPffKSBPE,Leaf It To Me Tree Service And Mowing,5.0,54,Tree service,"2809 Old Anson Rd, Abilene, TX 79603, United States","F7P3+2P Abilene, Texas, USA",https://abilenetrees.com/,+1 325-283-1630,Open 24 hours,https://lh3.googleusercontent.com/gps-cs-s/APNQkAFQseLAFE_35Tfw8hhncm2eyDz4Xnmkk5LlLnzsq1iiY-32OQgkHDM1KZAwwKBNgXxdIq36zK0lTEm2Rj3lUOMkB5TnN2vS3Fpa00Yg-5beGH6yw0DuJEToYaoM29ZitCh2IcZg4DapUfil=w426-h240-k-no,true,Open 24 hours,Open 24 hours,Open 24 hours,Open 24 hours,Open 24 hours,Open 24 hours,Open 24 hours,"https://www.google.com/maps/search/tree+service+businesses+in+Sweetwater+Abilene+TX/@32.4534878,-99.7312829,14z",2026-04-29T04:32:20.532Z,,
https://www.google.com/maps/place/A+Cutt+Above+Tree+Service/data=!4m7!3m6!1s0x86568e53fc5f7a8f:0x8de1ebdbc1e8d918!8m2!3d32.4685732!4d-99.7618029!16s%2Fg%2F11cm037kkt!19sChIJj3pf_FOOVoYRGNnowdvr4Y0,A Cutt Above Tree Service,4.9,212,Tree service,"1537 Mimosa Dr, Abilene, TX 79603, United States","F69Q+C7 Abilene, Texas, USA",https://m.facebook.com/profile.php?id=61576943155041,+1 325-716-5226,Open 24 hours,https://lh3.googleusercontent.com/gps-cs-s/APNQkAH-Fs8B7UzgCTLxLw4gWmKWAO-MFnZ1NQT2ev7OUudQakJmiE_HN_BTkyUOjhTX3ykZ6dU8fLP6C3Ax0ud_-2lms6nfOVAlBWhuN87RsN6MCYFywJpEGg9PlAqLOLXkbgVE0b5CeQ1a2PzS=w408-h546-k-no,true,Open 24 hours,Open 24 hours,Open 24 hours,Open 24 hours,Open 24 hours,Open 24 hours,Open 24 hours,"https://www.google.com/maps/search/tree+service+businesses+in+Sweetwater+Abilene+TX/@32.4534878,-99.7312829,14z",2026-04-29T04:32:25.207Z,,
"https://www.google.com/maps/place/Best+Tree+Service+Pros,+LLC./data=!4m7!3m6!1s0x86568c556a962c55:0xad3da8181f7c13df!8m2!3d32.4011669!4d-99.6650625!16s%2Fg%2F1tj5r4hv!19sChIJVSyWalWMVoYR3xN8HxioPa0","Best Tree Service Pros, LLC.",4.7,92,Tree service,"255 Blackburn Rd, Abilene, TX 79602, United States","C82M+FX Abilene, Texas, USA",https://besttreeserviceabilene.com/,+1 325-695-4919,Open 24 hours,https://lh3.googleusercontent.com/gps-cs-s/APNQkAHlkEoBaUfPKOkrfBOIOpRISGtz_GY6pHh4FiSZsXOPQjbHsiAGRryWs4QP_6OjIXIPCB-B-5yeooifPWs24y1BZ0Wn4c3W1KSu5Kj_790oSIHSyQtC6eko4HUfofNxWH3X0oS0=w408-h544-k-no,true,Open 24 hours,Open 24 hours,Open 24 hours,Open 24 hours,Open 24 hours,Closed,Open 24 hours,"https://www.google.com/maps/search/tree+service+businesses+in+Sweetwater+Abilene+TX/@32.4534878,-99.7312829,14z",2026-04-29T04:32:29.891Z,,
https://www.google.com/maps/place/A+%26+A+Tree+Care+LLC/data=!4m7!3m6!1s0x8823814043bad865:0xa0e3198904cc40ad!8m2!3d32.223607!4d-81.642536!16s%2Fg%2F11rd4j3pw4!19sChIJZdi6Q0CBI4gRrUDMBIkZ46A,A & A Tree Care LLC,5.0,15,Tree service,,,https://www.aatreecare.net/,+1 989-915-2759,Open 24 hours,https://lh3.googleusercontent.com/gps-cs-s/APNQkAHaDPxTzdO1hflmyMWbZoqLi1x3dSLfaWCpjYN0mjAuFAYqP-keZynJOfc2N70yAqIEsLd2WR1XSq6Q9y-VyldWUaEiaWiUeUXppupFiFXqs1bktsuvVPPHG_72fBFO5d4ZqVMV=w408-h906-k-no,true,Open 24 hours,Open 24 hours,Open 24 hours,Open 24 hours,Open 24 hours,Open 24 hours,Open 24 hours,"https://www.google.com/maps/search/tree+service+businesses+in+Sweetwater+Abilene+TX/@32.4534878,-99.7312829,14z",2026-04-29T04:32:34.608Z,Identifies as women-owned,
https://www.google.com/maps/place/Abilene+Tree+Service/data=!4m7!3m6!1s0x86568fec8b03d35f:0x89ae4a0fb2889ef!8m2!3d32.352842!4d-99.887504!16s%2Fg%2F11hhtc302j!19sChIJX9MDi-yPVoYR74ko-6Dkmgg,Abilene Tree Service,5.0,5,Tree service,,,https://abilenetreeservice.com/,+1 325-252-9757,Open · Closes 5 am Wed,https://lh3.googleusercontent.com/gps-cs-s/APNQkAEn99a4OCtSViJxzcHQLiPm5pb-Gmhm9PjVFD9d0G8EnUjg_c3BuBKOglJRJdB-ag6MT22KHrEoLWwLBml3ta5cUQDpYcb4ppw6sbnDptveOwRv0MREA9A_bIt7N0DoPg8jpG_w=w408-h293-k-no,true,8 am–5 am,8 am–5 am,8 am–5 am,8 am–5 am,8 am–5 am,8 am–5 am,8 am–5 am,"https://www.google.com/maps/search/tree+service+businesses+in+Sweetwater+Abilene+TX/@32.4534878,-99.7312829,14z",2026-04-29T04:32:39.249Z,,
https://www.google.com/maps/place/Snappy%27s+Tree+Trimming+%26+Removal+Service/data=!4m7!3m6!1s0xa43d83553303ef93:0x1e7069c73b6408b8!8m2!3d32.425626!4d-99.7650056!16s%2Fg%2F11v9jb8r0x!19sChIJk-8DM1WDPaQRuAhkO8dpcB4,Snappy's Tree Trimming & Removal Service,4.9,81,Tree service,"3340 S 20th St, Abilene, TX 79605, United States","C6GM+7X Abilene, Texas, USA",http://snappystreeservice.com/,+1 325-518-7401,"Closed · Opens 7 am Wed

Confirmed by this business 5 weeks ago",https://lh3.googleusercontent.com/gps-cs-s/APNQkAEzghy5y0JATlmfYXzmz88tMx7wGBMr62r0Xu9DjdbXlWHgi_N6Wh-EEH_sn2VcDBl-OBv2uARclIJnGekPhkwhF3kGCoaR2LgxDy09MUAWdP922YcjQ6vUoCtbzTyXNTuYu4Ih=w408-h408-k-no,true,7 am–5 pm,7 am–5 pm,7 am–5 pm,7 am–5 pm,7 am–5 pm,Closed,7 am–5 pm,"https://www.google.com/maps/search/tree+service+businesses+in+Sweetwater+Abilene+TX/@32.4534878,-99.7312829,14z",2026-04-29T04:32:44.088Z,,
https://www.google.com/maps/place/Broken+Willow+Tree+Services/data=!4m7!3m6!1s0x86568e8c038be42b:0x2732e6f8312c1bc1!8m2!3d32.4452459!4d-99.7739759!16s%2Fg%2F1tc_929s!19sChIJK-SLA4yOVoYRwRssMfjmMic,Broken Willow Tree Services,5.0,13,Tree service,"517 Lexington Ave, Abilene, TX 79605, United States","C6WG+3C Abilene, Texas, USA",http://www.brokenwillow.com/,+1 325-675-6794,,https://streetviewpixels-pa.googleapis.com/v1/thumbnail?panoid=JrdfAT-FG5JFKKAxvKfhFQ&cb_client=search.gws-prod.gps&w=408&h=240&yaw=88.512024&pitch=0&thumbfov=100,false,,,,,,,,"https://www.google.com/maps/search/tree+service+businesses+in+Sweetwater+Abilene+TX/@32.4534878,-99.7312829,14z",2026-04-29T04:32:46.862Z,,
https://www.google.com/maps/place/Abilene+Tree+Trimming/data=!4m7!3m6!1s0x86568fd80bdfaba3:0x4a5ed7e06b925ecb!8m2!3d32.352842!4d-99.887504!16s%2Fg%2F11gyc2cwnf!19sChIJo6vfC9iPVoYRy16Sa-DXXko,Abilene Tree Trimming,5.0,26,Tree service,,,http://abilenetreetrimming.com/,+1 325-480-8891,Closed · Opens 8 am Wed,https://lh3.googleusercontent.com/gps-cs-s/APNQkAE423mxF_nK3pr1qlF4YVZONvapuTNMlhmD2-Zz0O3FgEjDaIh6N9UxrJ63bygPUtwL6jyG7KssnDQ_OZFkCcHV4q3uJqNxf9Kb8ax860uWj5CUAJs2tExuAxlz6TpLdlFldrQeWA=w408-h306-k-no,true,8 am–5 pm,8 am–5 pm,8 am–5 pm,8 am–5 pm,Closed,Closed,8 am–5 pm,"https://www.google.com/maps/search/tree+service+businesses+in+Sweetwater+Abilene+TX/@32.4534878,-99.7312829,14z",2026-04-29T04:32:51.511Z,,
https://www.google.com/maps/place/V%26J+Tree+Service+and+handyman+services/data=!4m7!3m6!1s0xa1fd35fee18294fb:0x65de63bc1d2faa4b!8m2!3d32.4838865!4d-99.745403!16s%2Fg%2F11nnpjmgr1!19sChIJ-5SC4f41_aERS6ovHbxj3mU,V&J Tree Service and handyman services,5.0,2,Tree service,,,,+1 325-305-3502,Closed · Opens 8 am Wed,https://lh3.googleusercontent.com/gps-cs-s/APNQkAEz-VIUpSzFkNvWjSfoR_ndGF31eOIMJyMTUX6rJvKUzZGXd3e3QUzm7AnHqsJpR0Mh7D2nKVAyT8tpSWJVGvcFKZ2LOYHLa21Uwmn0KDpWQgG_DnSp6IefkEvW18V2QopeuvXR=w426-h240-k-no,true,8 am–10 pm,8 am–10 pm,8 am–10 pm,8 am–10 pm,8 am–10 pm,8 am–10:30 pm,8 am–10 pm,"https://www.google.com/maps/search/tree+service+businesses+in+Sweetwater+Abilene+TX/@32.4534878,-99.7312829,14z",2026-04-29T04:32:56.102Z,,
https://www.google.com/maps/place/Sam+and+Sons+Tree+Care/data=!4m7!3m6!1s0x86568faff23835c3:0xc0970480fd3c1431!8m2!3d32.460868!4d-99.7396636!16s%2Fg%2F11y8z6q7nn!19sChIJwzU48q-PVoYRMRQ8_YAEl8A,Sam and Sons Tree Care,5.0,7,Tree service,"942 Mulberry St, Abilene, TX 79601, United States","F766+84 Abilene, Texas, USA",,+1 325-271-1021,Closed · Opens 8 am Wed,https://lh3.googleusercontent.com/gps-cs-s/APNQkAEFBXB8CPHRZ5ph_sEkHQlLk4dMvdDHex6RcysbFK_sOBS8UfU8A1l2ZrgF8tSRvpmk1DogYCyDIFlqRnJ43fuSY8l0a7rULDqS6P4Bm9gabMN-HcicrlJMtxM2vm3kOZWIWzfYpQ=w408-h270-k-no,true,6:30 am–5 pm,8 am–5 pm,8 am–5 pm,8 am–5 pm,6:30 am–5 pm,Closed,8 am–5 pm,"https://www.google.com/maps/search/tree+service+businesses+in+Sweetwater+Abilene+TX/@32.4534878,-99.7312829,14z",2026-04-29T04:33:01.052Z,,
https://www.google.com/maps/place/Taylor+Tree+Services/data=!4m7!3m6!1s0x86568f7603816e13:0xcf6f318c08824a45!8m2!3d32.4482978!4d-99.7782109!16s%2Fg%2F11w_rld6k8!19sChIJE26BA3aPVoYRRUqCCIwxb88,Taylor Tree Services,,,Tree service,"305 S Pioneer Dr, Abilene, TX 79605, United States","C6XC+8P Abilene, Texas, USA",https://taylortreeservicesabilene.com/,+1 325-230-6270,Open 24 hours,https://lh3.googleusercontent.com/gps-cs-s/APNQkAEZaHBsRzTkNh10zFy-hpzHRhwoZ231HbE5HlMrVt9hahP98wqDFonzzoEdZp1rGWay2NAf9wtDRK69K6EmvlBpBsM6wvs_qD2fhQv6bwtEpTxvzDF43ER1P1iuu_oy8N0fvCXK=w408-h272-k-no,true,Open 24 hours,Open 24 hours,Open 24 hours,Open 24 hours,Open 24 hours,Open 24 hours,Open 24 hours,"https://www.google.com/maps/search/tree+service+businesses+in+Sweetwater+Abilene+TX/@32.4534878,-99.7312829,14z",2026-04-29T04:33:05.837Z,,
https://www.google.com/maps/place/Twisted+Timber+Tree+Services/data=!4m7!3m6!1s0x46c2e1d808f238c7:0xc7081c502cd900ce!8m2!3d32.696228!4d-98.599459!16s%2Fg%2F11ydx84_tk!19sChIJxzjyCNjhwkYRzgDZLFAcCMc,Twisted Timber Tree Services,5.0,3,Tree service,,,,+1 325-513-4150,Open 24 hours,https://lh3.googleusercontent.com/gps-cs-s/APNQkAGm2VRiqKMVnG7EUWtAyUKZwTbNXx7DmSMvlI1LAGoFc6xX8GWzCy6N1w7LNsThufroiVPuzIvdkCV2LS1zgrpDMYX07cuyPutG9S-gIMBf0X44ksVm8EHFNxM5La2SLgQI-TvAcF0e-g4K=w408-h544-k-no,true,Open 24 hours,Open 24 hours,Open 24 hours,Open 24 hours,Closed,Closed,Open 24 hours,"https://www.google.com/maps/search/tree+service+businesses+in+Sweetwater+Abilene+TX/@32.4534878,-99.7312829,14z",2026-04-29T04:33:10.495Z,,
https://www.google.com/maps/place/Marquez+Tree+Care/data=!4m7!3m6!1s0x86568f30a42d2b8d:0x16838467533e84c4!8m2!3d32.399267!4d-99.7374204!16s%2Fg%2F11fjzy1vgl!19sChIJjSstpDCPVoYRxIQ-U2eEgxY,Marquez Tree Care,5.0,20,Tree service,"1110 Energy Dr Suite 1, Abilene, TX 79602, United States","97X7+P2 Abilene, Texas, USA",http://marqueztreecare.com/,+1 325-232-9649,"Closed · Opens 7:30 am Wed

Confirmed by this business 9 weeks ago",https://lh3.googleusercontent.com/gps-cs-s/APNQkAESlBKPfGRWkL4KqVC76XfF6usrEGsRAJpU2RUC4FbBWNjmOj64Z9WtmF4nsbyXqg_uhU6lUkeJWYLq7uUV0BGk8DAEPwA9QYcYQ4RjJMDXUIoynUjnhX0r3K0xEf1JMJcKeyU=w408-h306-k-no,true,7:30 am–5 pm,7:30 am–5 pm,7:30 am–5 pm,7:30 am–5 pm,7:30 am–12 pm,Closed,7:30 am–5 pm,"https://www.google.com/maps/search/tree+service+businesses+in+Sweetwater+Abilene+TX/@32.4534878,-99.7312829,14z",2026-04-29T04:33:15.393Z,,
"https://www.google.com/maps/place/Best+Tree+Service,+LLC./data=!4m7!3m6!1s0x86568db8eb07c3f7:0xacc71f19589816f9!8m2!3d32.4219393!4d-99.7343719!16s%2Fg%2F11q1d05yfl!19sChIJ98MH67iNVoYR-RaYWBkfx6w","Best Tree Service, LLC.",,,Tree service,"2218 Oak St, Abilene, TX 79602, United States","C7C8+Q7 Abilene, Texas, USA",https://besttreeservicellc.com/,+1 325-695-4920,Closed · Opens 8 am Wed,https://lh3.googleusercontent.com/gps-cs-s/APNQkAEsUJ6v5ZT0Xl5qdMTMFNZcRIp0U_eYRHhypuMfck3qhjcZEMBi07lRO_SGtkxidqK-C9PH9pCiO8llZm8pZzF7a8YZNnY97DRAX6fVbps1Ll_-VFtQJkLEKkvsTAmmYTOpMpGwmQ=w426-h240-k-no,true,8 am–5 pm,8 am–5 pm,8 am–5 pm,8 am–5 pm,Closed,Closed,8 am–5 pm,"https://www.google.com/maps/search/tree+service+businesses+in+Sweetwater+Abilene+TX/@32.4534878,-99.7312829,14z",2026-04-29T04:33:20.075Z,,
https://www.google.com/maps/place/The+Tree+Guy/data=!4m7!3m6!1s0x64e48a8c0fbd397f:0x2f67cd9cf2c0c0c9!8m2!3d32.1016385!4d-99.7722529!16s%2Fg%2F11xzrmt26r!19sChIJfzm9D4yK5GQRycDA8pzNZy8,The Tree Guy,4.9,11,Tree service,,,,+1 432-208-9453,Open 24 hours,https://lh3.googleusercontent.com/gps-cs-s/APNQkAHZdb1et4lRJ0qPMTkcFZ7yO5GEwo8HpJUepB8dhAeEGRgE5PrNw9ajSi-jwzwdmOpEXUr1O5peVbcqOcsQk1wEIitTSn5oqzrOb1Hg4qoIf-pIsbwbCcgdt2iJD1fTUjQJo7NvFH2p0Fi5=w408-h306-k-no,true,Open 24 hours,Open 24 hours,Open 24 hours,Open 24 hours,Open 24 hours,Open 24 hours,Open 24 hours,"https://www.google.com/maps/search/tree+service+businesses+in+Sweetwater+Abilene+TX/@32.4534878,-99.7312829,14z",2026-04-29T04:33:24.699Z,,
https://www.google.com/maps/place/Chipman%27s+Trees+%26+Fences/data=!4m7!3m6!1s0x22ea8e595ad9dd:0x2a801f84c41939c2!8m2!3d32.4407322!4d-99.7841863!16s%2Fg%2F11s2rrbvh0!19sChIJ3dlaWY7qIgARwjkZxIQfgCo,Chipman's Trees & Fences,4.9,57,Fence contractor,"917 S Bowie Dr, Abilene, TX 79605, United States","C6R8+78 Abilene, Texas, USA",,+1 325-428-6367,Closed · Opens 8 am Wed,https://lh3.googleusercontent.com/gps-cs-s/APNQkAHIu9dDoLHdCW3V5d7PEMsLoArUYdRQbBIE94QmwCrsnRwOdkykN_IT2LQNybbUornGYAKGD-YIMWWJ52Wb6fbQGnD4tL5nyuG-x1YJkspK29gqpTcuA3gdX7hJPIzY0MrwheheVg=w408-h408-k-no,true,8 am–5 pm,8 am–5 pm,8 am–5 pm,8 am–5 pm,Closed,Closed,8 am–5 pm,"https://www.google.com/maps/search/tree+service+businesses+in+Sweetwater+Abilene+TX/@32.4534878,-99.7312829,14z",2026-04-29T04:33:29.640Z,,
https://www.google.com/maps/place/Quality+Care+Landscape+%26+Tree+Service/data=!4m7!3m6!1s0x8656ecbfffffffff:0x901547fec64aa507!8m2!3d32.3556897!4d-99.7735596!16s%2Fg%2F1tdqb_7f!19sChIJ_____7_sVoYRB6VKxv5HFZA,Quality Care Landscape & Tree Service,4.2,29,Tree service,"3801 Dana Ct, Abilene, TX 79606, United States","964G+7H Abilene, Texas, USA",https://www.facebook.com/QualityCareLandscapeAndTree/,+1 325-725-3555,Open 24 hours,https://lh3.googleusercontent.com/gps-cs-s/APNQkAG_Nf4pBADQwjFuIFT_-QRoPhNXuz5e17SGbT-_ROgNuKtdBCh4_9OJiMuIaXLPZexJwMm8Umdw_ZRZcmSSAWfzihGO-5orXVys8k5E7dDpwwRraOvy2CKUK93dZvhQQSC-gzug=w408-h543-k-no,true,Open 24 hours,Open 24 hours,Open 24 hours,Open 24 hours,Open 24 hours,Open 24 hours,Open 24 hours,"https://www.google.com/maps/search/tree+service+businesses+in+Sweetwater+Abilene+TX/@32.4534878,-99.7312829,14z",2026-04-29T04:33:34.397Z,,
https://www.google.com/maps/place/Mankin+Landscaping+%26+Tree+Service+Inc/data=!4m7!3m6!1s0x86568e9d53eaede7:0xef7d4ced08544d47!8m2!3d31.1689103!4d-100.0768425!16s%2Fg%2F1tfkwqxx!19sChIJ5-3qU52OVoYRR01UCO1Mfe8,Mankin Landscaping & Tree Service Inc,5.0,2,Tree service,,,,+1 325-673-3871,Closed · Opens 8 am Wed,https://lh3.googleusercontent.com/gps-cs-s/APNQkAFkg4m5K4kCOnMbFOXeLuh9XA6ezg5e3VtkDQNHrKdKXZu1IkWOoKf6e2PK8TYSGueDK_AcypWznX5cbdCTgw00a4Td5AvSSpnQUSvm3uUlEiWMocavzb73jiKS5K2hVptYsi3tbg=w408-h272-k-no,true,8 am–6 pm,8 am–6 pm,8 am–6 pm,8 am–6 pm,8 am–6 pm,8 am–6 pm,8 am–6 pm,"https://www.google.com/maps/search/tree+service+businesses+in+Sweetwater+Abilene+TX/@32.4534878,-99.7312829,14z",2026-04-29T04:33:38.995Z,,
https://www.google.com/maps/place/Texas+Tree+Removal+and+Trimming/data=!4m7!3m6!1s0x8354b652b24bd75d:0x1defa2e55a1a528e!8m2!3d32.5426146!4d-99.7196996!16s%2Fg%2F11ry4x8fnj!19sChIJXddLslK2VIMRjlIaWuWi7x0,Texas Tree Removal and Trimming,5.0,72,Tree service,"6918 W Lake Rd, Abilene, TX 79601, United States","G7VJ+24 Abilene, Texas, USA",http://www.texastreeremovalandtrimming.com/,+1 325-725-8600,Open 24 hours,https://lh3.googleusercontent.com/gps-cs-s/APNQkAGY3SfN3AOQXbSQlotGgJLKR0CdtEwueVNMXr8pSSQhhbf9Xkv2Ar8a5SkSp3CHAag9iZLdyLuXG4VArLaxGjXfXrHZcotSZYmr7w85YhRt_uvPnh9TOaszToArUUGqx9pCylbclYCnjM2n=w408-h510-k-no,true,Open 24 hours,Open 24 hours,Open 24 hours,Open 24 hours,Open 24 hours,Open 24 hours,Open 24 hours,"https://www.google.com/maps/search/tree+service+businesses+in+Sweetwater+Abilene+TX/@32.4534878,-99.7312829,14z",2026-04-29T04:33:48.741Z,Identifies as women-owned,
https://www.google.com/maps/place/Goodman+Tree+Services/data=!4m7!3m6!1s0x86568d0fca75a805:0x31ee418313fe72d8!8m2!3d32.141784!4d-99.0204295!16s%2Fg%2F11x88yb9h9!19sChIJBah1yg-NVoYR2HL-E4NB7jE,Goodman Tree Services,5.0,2,Tree service,,,,+1 254-403-9752,Open 24 hours,https://lh3.googleusercontent.com/gps-cs-s/APNQkAHQgipzjsIySVHxR5lYJCOeaYolVIS3Dh5rAz5eEkK79VVojli99nkYqQ209apyTX6kYOiOwM2VLNq1KCFSc-ldciFB30lZ8cAnXnwhSxrLzYYjMD-w0yt2BB_zhtLAa8vv4hFdZMjFWHA=w408-h320-k-no,true,Open 24 hours,Open 24 hours,Open 24 hours,Open 24 hours,Open 24 hours,Open 24 hours,Open 24 hours,"https://www.google.com/maps/search/tree+service+businesses+in+Sweetwater+Abilene+TX/@32.4534878,-99.7312829,14z",2026-04-29T04:33:53.606Z,,
https://www.google.com/maps/place/Thornton%27s+Crane+Service/data=!4m7!3m6!1s0x86568d347562ff1b:0xdd14a421a5471e3b!8m2!3d32.4838865!4d-99.745403!16s%2Fg%2F11h0b6ggn4!19sChIJG_9idTSNVoYROx5HpSGkFN0,Thornton's Crane Service,4.3,6,Crane service,,,http://www.thorntonscraneservice.com/,+1 325-673-4376,,https://lh3.googleusercontent.com/gps-cs-s/APNQkAGqA7HIC96m3HYKUGDSR0N3RtVUFIQYlIeohal-xA1g64Yo6DBYpOr_ITOE28rH4zFWUvGDQ-PyuhTA2mC67LK0PPGgtMTOKm-_pd820rcj6iwJcPN6_CjA4I6f7WhdB0-s7HCC=w408-h342-k-no,true,,,,,,,,"https://www.google.com/maps/search/tree+service+businesses+in+Sweetwater+Abilene+TX/@32.4534878,-99.7312829,14z",2026-04-29T04:33:56.505Z,,
https://www.google.com/maps/place/Nanney%27s+Lawn+Care+%26+Tree+Service/data=!4m7!3m6!1s0x86568f121cf41087:0x427227f98efda3a8!8m2!3d32.4387278!4d-99.761013!16s%2Fg%2F11gk8myh90!19sChIJhxD0HBKPVoYRqKP9jvknckI,Nanney's Lawn Care & Tree Service,,,Landscaper,"933 Sunset Dr, Abilene, TX 79605, United States","C6QQ+FH Abilene, Texas, USA",,+1 325-669-3332,Closed · Opens 8 am Wed,https://streetviewpixels-pa.googleapis.com/v1/thumbnail?panoid=SH8VknDsFyhMMeeg4WWrUQ&cb_client=search.gws-prod.gps&w=408&h=240&yaw=104.01222&pitch=0&thumbfov=100,true,8 am–7 pm,8 am–7 pm,8 am–7 pm,8 am–7 pm,8:30 am–5 pm,Closed,8 am–7 pm,"https://www.google.com/maps/search/tree+service+businesses+in+Sweetwater+Abilene+TX/@32.4534878,-99.7312829,14z",2026-04-29T04:34:01.114Z,,
https://www.google.com/maps/place/Auroras+Landscaping/data=!4m7!3m6!1s0x86568f67dac28bc5:0x8ae45135a2a8468e!8m2!3d32.489832!4d-99.701089!16s%2Fg%2F11j494_xm3!19sChIJxYvC2mePVoYRjkaoojVR5Io,Auroras Landscaping,4.4,7,Landscaper,,,,+1 325-338-6057,Open 24 hours,https://lh3.googleusercontent.com/gps-cs-s/APNQkAFHD5sa5ukvbQ_ESUcGA1C9hEd9bX8VPr01aCVrIRduc-7ZMgNpaYeTbhixwh9OS5TkIDoUN9KpCDeMXb_ajR1Mqd91X-5LePS2LGjPAIKHvxK_veSYqhoZZOijKUwkNtwyhnIc=w426-h240-k-no,true,Open 24 hours,Open 24 hours,Open 24 hours,Open 24 hours,Open 24 hours,10 am–12 am,Open 24 hours,"https://www.google.com/maps/search/tree+service+businesses+in+Sweetwater+Abilene+TX/@32.4534878,-99.7312829,14z",2026-04-29T04:34:05.753Z,Identifies as women-owned,
"https://www.google.com/maps/place/XoticKutsLandscaping,LLC/data=!4m7!3m6!1s0x86568f44458b6689:0x795afc24a537dc2a!8m2!3d32.4465678!4d-99.7572264!16s%2Fg%2F11xh2jrwxv!19sChIJiWaLRUSPVoYRKtw3pST8Wnk","XoticKutsLandscaping,LLC",5.0,16,Landscaper,"S Mockingbird Ln, Abilene, TX 79605, United States","C6WV+J4 Abilene, Texas, USA",https://www.facebook.com/share/16cDxAefZA/?mibextid=wwXIfr,+1 325-518-4986,Closed · Opens 7 am Wed,https://lh3.googleusercontent.com/gps-cs-s/APNQkAHAHqenBT_sSPtZYYDC2nyRS965S4n0kZdTcNhxDht1s7NiDBACnKmvpAKX236-RGow7azQBisBgHNiAA23r2tStKAjr4KfM3DEsCydCfwTHF2Vlsm_CQ5TCUWeXiX7Eg5bsipwJPhDlq8p=w408-h306-k-no,true,7 am–6 pm,7 am–6 pm,7 am–6 pm,7 am–6 pm,7 am–6 pm,Closed,7 am–6 pm,"https://www.google.com/maps/search/tree+service+businesses+in+Sweetwater+Abilene+TX/@32.4534878,-99.7312829,14z",2026-04-29T04:34:10.512Z,,
https://www.google.com/maps/place/West+Texas+Pride+Lawn+Care/data=!4m7!3m6!1s0x8656fbe7fed8b361:0x3f8a9062387daa6a!8m2!3d32.4089826!4d-99.7223711!16s%2Fg%2F11jfs7qlvx!19sChIJYbPY_uf7VoYRaqp9OGKQij8,West Texas Pride Lawn Care,4.9,119,Lawn care service,"3399 Maple St, Abilene, TX 79602, United States","C75H+H3 Abilene, Texas, USA",http://westtexaspridelawncare.com/,+1 325-660-0288,Closed · Opens 7 am Wed,https://lh3.googleusercontent.com/gps-cs-s/APNQkAEJiRlCZuQK4VsV4F63iS3H_eXcS5id7p9sjOI9kOv7xMl_45yhDDtho-B_u3GINdn29m2CiFOi4GGMlry9ol9Ekijenc_HBAoYPT6jof1UVpdfv551S8o7e7__s9IK5EQunpM=w426-h240-k-no,true,7 am–5 pm,7 am–5 pm,7 am–5 pm,7 am–5 pm,8 am–12 pm,Closed,7 am–5 pm,"https://www.google.com/maps/search/tree+service+businesses+in+Sweetwater+Abilene+TX/@32.4534878,-99.7312829,14z",2026-04-29T04:34:15.491Z,,
https://www.google.com/maps/place/Brad%27s+Tree+Service+LLC/data=!4m7!3m6!1s0x86568e15906741a3:0xf931b1ef14f64a8d!8m2!3d32.2042184!4d-99.154246!16s%2Fg%2F1hc16bm51!19sChIJo0FnkBWOVoYRjUr2FO-xMfk,Brad's Tree Service LLC,4.9,372,Tree service,,,https://bradstreeservice.us/,+1 325-829-0667,Open 24 hours,https://lh3.googleusercontent.com/gps-cs-s/APNQkAENl5jKwlGgqvEhl1VK9qcvZsWiyyvJQcmxwkga7dksOtST9LPeVhiK4FXtcfKx9VYFr7qYUaWD7Xcdr36vdkYKll3yRUQJF8gms2olIhc6ExilgWNNxrhn0eFRmpl-QT10_m0=w408-h544-k-no,true,Open 24 hours,Open 24 hours,Open 24 hours,Open 24 hours,Open 24 hours,Open 24 hours,Open 24 hours,"https://www.google.com/maps/search/tree+service+businesses+in+Sweetwater+Abilene+TX/@32.4534878,-99.7312829,14z",2026-04-29T04:34:20.389Z,LGBTQ+ friendly,
https://www.google.com/maps/place/TC%27s+Lawn+and+Tree+Service/data=!4m7!3m6!1s0x86568d55f6b97c87:0xe371de994affcea2!8m2!3d32.4270752!4d-99.7580757!16s%2Fg%2F11j6546_9t!19sChIJh3y59lWNVoYRos7_SpneceM,TC's Lawn and Tree Service,4.0,4,Lawn care service,"1825 Woodard St, Abilene, TX 79605, United States","C6GR+RQ Abilene, Texas, USA",,+1 325-260-9644,,https://lh3.googleusercontent.com/gps-cs-s/APNQkAE6UZBzuBLn0eIIjbjOqwzqQxhI-tJRtfiKjwkkzEWJk4YWXFb_Eyfj6P5jZql-MTcVi0YtMXTcxDCG5WYlFldKKCKisO_CanjxO9H9t4lrI9mbAJQidWudoxuw668uk4wqO18=w408-h545-k-no,true,,,,,,,,"https://www.google.com/maps/search/tree+service+businesses+in+Sweetwater+Abilene+TX/@32.4534878,-99.7312829,14z",2026-04-29T04:34:22.984Z,,
https://www.google.com/maps/place/Outwest+Mowing+and+Services/data=!4m7!3m6!1s0x64a07210426e08ad:0x8e34c7b31810f48!8m2!3d32.4838865!4d-99.745403!16s%2Fg%2F11xfs_dgdb!19sChIJrQhuQhByoGQRSA-BMXtM4wg,Outwest Mowing and Services,5.0,43,Lawn care service,,,http://outwestmowing.com/,+1 325-669-5050,Closed · Opens 7 am Wed,https://lh3.googleusercontent.com/gps-cs-s/APNQkAGkLaySVo-LUlQTcnhfrq5_mpts7jN6YzZq6kWkZM-J0h93AXD_sALyjgylZznWBw3U4srNwAboJnliFwCY1TINno5nbmdDF1VVnThEoYYPNO-7FzG6qy87R56CZkQZdMAl4uLd0aPUucdF=w408-h544-k-no,true,7 am–7 pm,7 am–7 pm,7 am–7 pm,7 am–7 pm,7 am–7 pm,Closed,7 am–7 pm,"https://www.google.com/maps/search/tree+service+businesses+in+Sweetwater+Abilene+TX/@32.4534878,-99.7312829,14z",2026-04-29T04:34:27.617Z,,
https://www.google.com/maps/place/Southern+Roots+Outdoor+Services/data=!4m7!3m6!1s0x86568d6b7970f46b:0xc9abf898224388c5!8m2!3d32.4242677!4d-99.7362663!16s%2Fg%2F11x5vpdshb!19sChIJa_RweWuNVoYRxYhDIpj4q8k,Southern Roots Outdoor Services,5.0,21,Lawn care service,"2018 Sycamore St, Abilene, TX 79602, United States","C7F7+PF Abilene, Texas, USA",https://southernrootslawncare.online/,+1 325-269-3601,Closed · Opens 8 am Wed,https://lh3.googleusercontent.com/gps-cs-s/APNQkAFKelwj7fbDnYhb-SLAgtUZruezzprdPj7kRvukEfJ34gJ9YNACpCKibZxr0FrMRvEeqd11xCNOoYBUAdlBU_kFP8OfDEkunM-okKpWFqzXsu0f_UeYex16AnvX6uqTL9ucs2HhBpQbjgI=w408-h541-k-no,true,8 am–5 pm,8 am–5 pm,8 am–5 pm,8 am–5 pm,9 am–1 pm,Closed,8 am–5 pm,"https://www.google.com/maps/search/tree+service+businesses+in+Sweetwater+Abilene+TX/@32.4534878,-99.7312829,14z",2026-04-29T04:34:32.276Z,,
https://www.google.com/maps/place/Juans+Mowing+Service/data=!4m7!3m6!1s0x86568c3b7e74e7ad:0xcf0b82a9f4101531!8m2!3d31.1689103!4d-100.0768425!16s%2Fg%2F11c6pl2_r8!19sChIJred0fjuMVoYRMRUQ9KmCC88,Juans Mowing Service,3.0,1,Lawn care service,,,,+1 325-320-9844,Closed · Opens 8 am Wed,https://lh3.googleusercontent.com/gps-cs-s/APNQkAGEE78jGiI0F4oglHj60YEgQy1biZPMorur0v97AKvnFM6TYozovvd9cRrM-kX-GGboMJsPgvn5CbuRHkhdPVTuPmpsvqqvW1KcdCJYULU0XAry7DwDb2RpxTZujlsbHZVpayFJ=w408-h544-k-no,true,8 am–5 pm,8 am–5 pm,8 am–5 pm,8 am–5 pm,8 am–5 pm,Closed,8 am–5 pm,"https://www.google.com/maps/search/tree+service+businesses+in+Sweetwater+Abilene+TX/@32.4534878,-99.7312829,14z",2026-04-29T04:34:37.117Z,,
https://www.google.com/maps/place/Mow+Mentum+Lawn+%26+Landscaping+LLC/data=!4m7!3m6!1s0x86568f1eaf0a37b3:0x86591d88c3a77ba2!8m2!3d32.4838865!4d-99.745403!16s%2Fg%2F11h07z41x5!19sChIJszcKrx6PVoYRonunw4gdWYY,Mow Mentum Lawn & Landscaping LLC,5.0,91,Landscaper,,,https://www.mowmentumusa.com/,+1 325-530-1108,Closed · Opens 8 am Wed,https://lh3.googleusercontent.com/gps-cs-s/APNQkAH3tfW0k2B9gHgXINsfxUy2YOIpwRTsoIPn5T6Icke44F2Bcz6ECRnZJCkvqW7l9_xRsanIN71Gq_9-_aaqgwa1nBU2folvOs-zM1QCkaDbrshEyv11cyKJOeC0NoZGUahH1gsV=w425-h240-k-no,true,8 am–5:30 pm,8 am–5:30 pm,8 am–5:30 pm,8 am–5:30 pm,Closed,Closed,8 am–5 pm,"https://www.google.com/maps/search/tree+service+businesses+in+Sweetwater+Abilene+TX/@32.4534878,-99.7312829,14z",2026-04-29T04:34:41.870Z,,
https://www.google.com/maps/place/Green+Tree+Service+of+Abilene./data=!4m7!3m6!1s0x86568d94cb1b0b6f:0x9a1b98962efc5f01!8m2!3d32.3439843!4d-99.7403894!16s%2Fg%2F11p5z9mb0_!19sChIJbwsby5SNVoYRAV_8LpaYG5o,Green Tree Service of Abilene.,5.0,1,Tree service,"1412 S Saddle Lakes Dr, Abilene, TX 79602, United States","87V5+HR Abilene, Texas, USA",http://treelawncareservices.us/Abilene,+1 254-324-4354,Closed · Opens 7 am Wed,https://streetviewpixels-pa.googleapis.com/v1/thumbnail?panoid=BUqXzBKzGZCcCLljXO-H2A&cb_client=search.gws-prod.gps&w=408&h=240&yaw=12.845145&pitch=0&thumbfov=100,false,7 am–10 pm,7 am–10 pm,7 am–10 pm,7 am–10 pm,Closed,7 am–9 pm,7 am–10 pm,"https://www.google.com/maps/search/tree+service+businesses+in+Sweetwater+Abilene+TX/@32.4534878,-99.7312829,14z",2026-04-29T04:34:46.519Z,,
https://www.google.com/maps/place/Rusted+tin+Services/data=!4m7!3m6!1s0x6eb0e5f314124899:0x23b2d0740bcb70a0!8m2!3d31.1689103!4d-100.0768425!16s%2Fg%2F11s5gvmbvp!19sChIJmUgSFPPlsG4RoHDLC3TQsiM,Rusted tin Services,5.0,23,Demolition contractor,,,https://rustedtinservices.com/,+1 970-985-8832,Closed · Opens 6 am Wed,https://lh3.googleusercontent.com/gps-cs-s/APNQkAG77aUO02BeOX2FPHPzT8to8oI4IwR0WH9zufoRDuMdePveOPA9Jy_qpTNfAjMAW8YyfbQSrCWMPoCoIi4Z6UF3e4NXZPQs9PBBBVWu2pjapOWN06_84g8CM16Gy0ISjqxH4mI-=w408-h299-k-no,true,6 am–6 pm,6 am–6 pm,6 am–6 pm,6 am–6 pm,Closed,Closed,6 am–6 pm,"https://www.google.com/maps/search/tree+service+businesses+in+Sweetwater+Abilene+TX/@32.4534878,-99.7312829,14z",2026-04-29T04:34:51.297Z,,
https://www.google.com/maps/place/Eric+The+Great+Landscaping/data=!4m7!3m6!1s0x865693b33fafd4f1:0xd5bfaaf8935ced9d!8m2!3d32.41364!4d-99.684653!16s%2Fg%2F11j6t88g40!19sChIJ8dSvP7OTVoYRne1ck_iqv9U,Eric The Great Landscaping,5.0,7,Landscaper,,,,+1 325-669-2167,Closed · Opens 8 am Wed,https://lh3.googleusercontent.com/gps-cs-s/APNQkAEUzFGXIdJPH0G5pAl3tiofVX0YQPKw5VJ8KOFZdak8RYlsZs-AHzujnYDKKBfpE6ofsQNDo_FByGRTJoQ_h2PCACoAQulwNTqrawtZBxXdZDPDUFYf8nWyjDwpl7x4Eb2qmmeD=w791-h240-k-no,true,8 am–5 pm,8 am–5 pm,8 am–5 pm,8 am–5 pm,Closed,Closed,8 am–5 pm,"https://www.google.com/maps/search/tree+service+businesses+in+Sweetwater+Abilene+TX/@32.4534878,-99.7312829,14z",2026-04-29T04:34:55.959Z,,
https://www.google.com/maps/place/Man+Meets+Ranch/data=!4m7!3m6!1s0x414af6ef1376941b:0x369b5907ee41aeef!8m2!3d32.6840414!4d-98.2285726!16s%2Fg%2F11xv1ndm1p!19sChIJG5R2E-_2SkER765B7gdZmzY,Man Meets Ranch,,,Lawn care service,,,,+1 325-370-1945,Closed · Opens 8 am Wed,https://lh3.googleusercontent.com/gps-cs-s/APNQkAEuqV0IDP9ipN0b2MZ8j0RfLZMI_H6tCyFtPavUWP-5PIgaQye8CiwWdBphq_IIsSX-bCojbI6V00ANhgtBFR1I7OV5zUjR93dY0ITNsgGbTbyLZFC9C48quKyRyVwmlrHveDknTHs3-OlE=w519-h240-k-no,true,8 am–6 pm,8 am–6 pm,8 am–6 pm,8 am–6 pm,Closed,Closed,8 am–6 pm,"https://www.google.com/maps/search/tree+service+businesses+in+Sweetwater+Abilene+TX/@32.4534878,-99.7312829,14z",2026-04-29T04:35:00.666Z,Identifies as veteran-owned,
https://www.google.com/maps/place/Legit+Heating+and+Air+LLC/data=!4m7!3m6!1s0x8656bfe92d762071:0x29c83d5f5dcd01e7!8m2!3d32.450106!4d-99.7702838!16s%2Fg%2F11f8l2l6q3!19sChIJcSB2Lem_VoYR5wHNXV89yCk,Legit Heating and Air LLC,4.7,211,HVAC contractor,"133D S Leggett Dr, Abilene, TX 79605, United States","F62H+2V Abilene, Texas, USA",https://legitheatingandair.com/,+1 325-269-4236,Open 24 hours,https://lh3.googleusercontent.com/gps-cs-s/APNQkAGXjO8KPRm98iH2fRA83v4FyyXQTIW5RVvKgxQGsjXr280FlOVrjNz1-MoAxtDHcUo0V48kNRNRm-Ia0DEISCJ0jsx19hk9PxbDEwWGxXFcbV31mZij2_JWvrYYGeZxFsTsTZ0o=w408-h500-k-no,true,Open 24 hours,Open 24 hours,Open 24 hours,7 am–2 pm,Closed,Open 24 hours,Open 24 hours,"https://www.google.com/maps/search/tree+service+businesses+in+Sweetwater+Abilene+TX/@32.4534878,-99.7312829,14z",2026-04-29T04:35:05.411Z,,
https://www.google.com/maps/place/Wildcat+Site+Services+LLC/data=!4m7!3m6!1s0x86568f4f309fdf1b:0x7642181588bae9bf!8m2!3d32.4500007!4d-99.7240112!16s%2Fg%2F11sn_3lwvc!19sChIJG9-fME-PVoYRv-m6iBUYQnY,Wildcat Site Services LLC,4.9,72,Dumpster rental service,"222 Bois D Arc St, Abilene, TX 79601, United States","F72G+29 Abilene, Texas, USA",http://www.wildcatsiteservicesllc.com/,+1 325-829-9460,Open 24 hours,https://lh3.googleusercontent.com/gps-cs-s/APNQkAGPrRdGRQwa2xoxx8AcoEhSXvrj26ucGuTRBjcRH0Ly_h51zNXmF9uz_KUafkYbA-ZqlCRhouxqqMYj4Ovh7fvkWeh8I3C-LudIin89_zONhZ_gncWgC4CHKNUrZ3TOro4tsCbCswKcPVSo=w408-h306-k-no,true,Open 24 hours,Open 24 hours,Open 24 hours,Open 24 hours,Open 24 hours,Closed,Open 24 hours,"https://www.google.com/maps/search/tree+service+businesses+in+Sweetwater+Abilene+TX/@32.4534878,-99.7312829,14z",2026-04-29T04:35:10.095Z,,
https://www.google.com/maps/place/Abracadabra-The+Magic+of+Glass./data=!4m7!3m6!1s0x86568dea4597f26d:0x23cb49d8781fe9e0!8m2!3d32.4118168!4d-99.7435021!16s%2Fg%2F1v29cfnn!19sChIJbfKXReqNVoYR4OkfeNhJyyM,Abracadabra-The Magic of Glass.,,,Tree service,"1701 S 32nd St, Abilene, TX 79602, United States","C764+PH Abilene, Texas, USA",http://thorntonstreeservice.com/,+1 325-439-1594,"Closed · Opens 7 am Wed

Updated by others 11 weeks ago",https://streetviewpixels-pa.googleapis.com/v1/thumbnail?panoid=lZ5vDL6KbOpwS3dwcj1DTw&cb_client=search.gws-prod.gps&w=408&h=240&yaw=177.52342&pitch=0&thumbfov=100,false,7 am–7 pm,7 am–7 pm,7 am–7 pm,7 am–7 pm,7 am–7 pm,7 am–7 pm,7 am–7 pm,"https://www.google.com/maps/search/tree+service+businesses+in+Sweetwater+Abilene+TX/@32.4534878,-99.7312829,14z",2026-04-29T04:35:14.704Z,,
https://www.google.com/maps/place/R%26Z+Tree+Care+LLC/data=!4m7!3m6!1s0x473407c1c057eed:0xc287170fa4814d47!8m2!3d32.4838865!4d-99.745403!16s%2Fg%2F11wc8_pw13!19sChIJ7X4FHHxAcwQRR02BpA8Xh8I,R&Z Tree Care LLC,5.0,3,Tree service,,,https://www.facebook.com/people/RZ-Tree-Care/61564860680803/#,+1 325-514-6504,Closed · Opens 7 am Wed,https://lh3.googleusercontent.com/gps-cs-s/APNQkAEDMRkDY1sAWjsomyDBx-wVTi1scUMdxl2UAyL057W1xRSn1AHGwIaV-yOUOedCRANJ_2y-7PWR44lX45Ynyq1HlfzDasLIlsy6XwkV02AHru6g2TfqL4po48TUJp7Dno664cS3dQ=w408-h725-k-no,true,7 am–5 pm,7 am–5 pm,7 am–5 pm,7 am–5 pm,7 am–12 pm,Closed,7 am–5 pm,"https://www.google.com/maps/search/tree+service+businesses+in+Clyde+Abilene+TX/@32.4534878,-99.7312829,14z",2026-04-29T04:35:30.374Z,,
https://www.google.com/maps/place/Oak+Experts/data=!4m7!3m6!1s0x8656bfe0dbf24f7d:0xb2dcb159c69801b6!8m2!3d32.351802!4d-99.4908855!16s%2Fg%2F11mpd4s9kf!19sChIJfU_y2-C_VoYRtgGYxlmx3LI,Oak Experts,4.8,25,Tree service,,,,+1 970-773-6904,Closed · Opens 7:30 am Wed,https://lh3.googleusercontent.com/gps-cs-s/APNQkAFSywVtmCg7oo6eQGoqezTH4BT8EcYKJERZOYf6Bp-qkPv1KGHFozRD3ikG9tTcqo3Eeltj447noFIa9pgvxvh_kXhwSFwepHxEvxQK4af9aerkTnAuJKmgkhi9UVJmgzJgxF0-pg=w408-h544-k-no,true,7:30 am–5 pm,7:30 am–5 pm,7:30 am–5 pm,7:30 am–5 pm,Closed,Closed,7:30 am–5 pm,"https://www.google.com/maps/search/tree+service+businesses+in+Clyde+Abilene+TX/@32.4534878,-99.7312829,14z",2026-04-29T04:35:35.067Z,,
https://www.google.com/maps/place/AAA+Cutting+Edge/data=!4m7!3m6!1s0x865664b85b1f2d23:0x330c8f7a88357722!8m2!3d32.485554!4d-100.0114402!16s%2Fg%2F11c7wcmkg8!19sChIJIy0fW7hkVoYRInc1iHqPDDM,AAA Cutting Edge,3.9,7,Tree service,"1582 Runnels St, Merkel, TX 79536, United States","FXPQ+6C Merkel, Texas, USA",http://aaacuttingedge.com/,+1 325-338-6543,Open 24 hours,https://lh3.googleusercontent.com/gps-cs-s/APNQkAGVxV6mtpCqBd4QI07iVxytQrsAjStGmpSRPXeynaYMvNSJMfiB3amTlIeUe5Ds5Ea9lUftZjG7ytT6hc11qGKrMtqkI7r2PZ2z-sEBA9hhThIJN-WBnGG18sVaoStxD_i6DC0=w408-h306-k-no,true,Open 24 hours,Open 24 hours,Open 24 hours,Open 24 hours,Open 24 hours,Open 24 hours,Open 24 hours,"https://www.google.com/maps/search/tree+service+businesses+in+Clyde+Abilene+TX/@32.4534878,-99.7312829,14z",2026-04-29T04:35:39.998Z,,
"https://www.google.com/maps/place/Woody+Watson's+Tree+Service/@32.2838576,-99.9312409,11z/data=!3m1!4b1!4m6!3m5!1s0xadc9b276513fdd69:0x1986bdad44e0cbd!8m2!3d32.2838576!4d-99.9312409!16s%2Fg%2F11t8bfn_vx",Woody Watson's Tree Service,,,Tree service,,,,+1 325-271-3188,Closed · Opens 8 am Wed,,true,8 am–5 pm,8 am–5 pm,8 am–5 pm,8 am–5 pm,Closed,Closed,8 am–5 pm,"https://www.google.com/maps/search/tree+service+businesses+in+Clyde+Abilene+TX/@32.4534878,-99.7312829,14z",2026-04-29T04:35:46.436Z,,
"https://www.google.com/maps/place/Jonny%27s+Lawn,+Flowerbed+%26+Garden+Solutions/data=!4m7!3m6!1s0x86568d67441a3d0f:0x7fbe6bfe82933d18!8m2!3d32.41364!4d-99.745403!16s%2Fg%2F11kf55p_1s!19sChIJDz0aRGeNVoYRGD2Tgv5rvn8","Jonny's Lawn, Flowerbed & Garden Solutions",5.0,1,Lawn care service,,,https://fb.me/jonnyslawnandtreeservice,+1 325-518-2025,Closed · Opens 8 am Wed,https://lh3.googleusercontent.com/gps-cs-s/APNQkAEhVx_5Rxn7AltpUNgdMA22a0JzHOf11lYzMcvFQOD1oJGl01QPmWwB41B3GKm1Xd5WhSSgTrggIaFT6dwGnuwx0W-kuJrnQIYXzeNohAzcE2Ju3NmP2oiDFM4svjzeuscojH0=w408-h584-k-no,true,8 am–5 pm,8 am–5 pm,8 am–5 pm,8 am–5 pm,8 am–5 pm,Closed,8 am–5 pm,"https://www.google.com/maps/search/tree+service+businesses+in+Clyde+Abilene+TX/@32.4534878,-99.7312829,14z",2026-04-29T04:35:51.300Z,,
"https://www.google.com/maps/place/AAA+Cutting+Edge/@32.4706777,-100.0128739,14z/data=!4m6!3m5!1s0x865664b85b1f2d23:0x330c8f7a88357722!8m2!3d32.485554!4d-100.0114402!16s%2Fg%2F11c7wcmkg8",AAA Cutting Edge,3.9,7,Tree service,"1582 Runnels St, Merkel, TX 79536, United States","FXPQ+6C Merkel, Texas, USA",http://aaacuttingedge.com/,+1 325-338-6543,Open 24 hours,https://lh3.googleusercontent.com/gps-cs-s/APNQkAGVxV6mtpCqBd4QI07iVxytQrsAjStGmpSRPXeynaYMvNSJMfiB3amTlIeUe5Ds5Ea9lUftZjG7ytT6hc11qGKrMtqkI7r2PZ2z-sEBA9hhThIJN-WBnGG18sVaoStxD_i6DC0=w408-h306-k-no,true,Open 24 hours,Open 24 hours,Open 24 hours,Open 24 hours,Open 24 hours,Open 24 hours,Open 24 hours,"https://www.google.com/maps/search/tree+service+businesses+in+Merkel+Abilene+TX/@32.4706777,-100.0128739,14z",2026-04-29T04:35:59.790Z,,Already found
https://www.google.com/maps/place/Trimmers+Professional+Landscaping/data=!4m7!3m6!1s0x220c155e9b32c4c7:0xf373fd2edbfa7777!8m2!3d32.3390706!4d-99.7413783!16s%2Fg%2F11w3ckqxdz!19sChIJx8Qym14VDCIRd3f62y79c_M,Trimmers Professional Landscaping,5.0,14,Landscaper,"157 Crooked Trail Dr, Abilene, TX 79602, United States","87Q5+JC Abilene, Texas, USA",https://trimmerslandscapes.com/,+1 325-725-1630,,https://lh3.googleusercontent.com/gps-cs-s/APNQkAHcyle1d_kS3fR-zPa1noNHngmEqraHPCrdG0iu4bAX-DHavzYJ17acL-ALTMujJ2367G4kWjRG3mE5SHfEgahiOwgl8Vz0iiu1yjdHSbu5NWMaKsvPxhQ33OFjRMj7KQybNMFlBtFXib0=w426-h240-k-no,true,9 am–8 pm,9 am–8 pm,9 am–8 pm,9 am–8 pm,9 am–8 pm,Closed,9 am–8 pm,"https://www.google.com/maps/search/tree+service+businesses+in+Buffalo+Gap+Abilene+TX/@32.2792968,-99.8300894,14z",2026-04-29T04:36:21.694Z,LGBTQ+ friendly,
https://www.google.com/maps/place/Southern+Lawn+%26+Fence/data=!4m7!3m6!1s0x86568cdcb3cb7a2d:0xf6ca3fa2d5391564!8m2!3d32.519687!4d-99.6329866!16s%2Fg%2F11dyp1t7xw!19sChIJLXrLs9yMVoYRZBU51aI_yvY,Southern Lawn & Fence,,,Lawn care service,,,,+1 972-805-6751,Closed · Opens 7 am Wed,https://lh3.googleusercontent.com/gps-cs-s/APNQkAG1yJe0U5KTxOwkJd3WHSlM_-yjkI8rdiRcwlz4h7QmQA9V-EFDnv8po6_mpSjCa0BP2DwlBFbiepvzKhqMx7n57kFo32saJD3Bk06HYMEA7hDNn_x2POFgCYNncGsJl-YuHLep-w=w408-h306-k-no,true,7 am–8 pm,7 am–5:30 pm,7 am–8 pm,7 am–8 pm,8 am–5 pm,8 am–2 pm,7 am–8 pm,"https://www.google.com/maps/search/tree+service+businesses+in+Buffalo+Gap+Abilene+TX/@32.2792968,-99.8300894,14z",2026-04-29T04:36:26.352Z,,
https://www.google.com/maps/place/The+Grounds+Guys+of+Abilene/data=!4m7!3m6!1s0x8656f32d2feffa89:0x4c34a27af0aabee8!8m2!3d32.3309015!4d-99.8415994!16s%2Fg%2F11gz89ptpx!19sChIJifrvLy3zVoYR6L6q8HqiNEw,The Grounds Guys of Abilene,4.1,11,Lawn care service,,,https://www.groundsguys.com/locations/texas/abilene/?cid=LSTL_GUY000204&utm_source=gmb&utm_campaign=local&utm_medium=organic,+1 325-269-2027,Closed · Opens 8 am Wed,https://lh3.googleusercontent.com/gps-cs-s/APNQkAFDQiVdbDSQCaxfyX-HW4t2cr4abxDTAYnsR3Fzchw1-hgZ3kcKPq2zR4VEpv12AxYzgeGOgJBUJqQAG3xEe74RIOyaeEp8VSAxls0DbvVQJ101y6yDWh9xkCul1U9fSqDUwEytIw=w619-h240-k-no,true,8 am–5 pm,8 am–5 pm,8 am–5 pm,8 am–5 pm,Closed,Closed,8 am–5 pm,"https://www.google.com/maps/search/tree+service+businesses+in+Buffalo+Gap+Abilene+TX/@32.2792968,-99.8300894,14z",2026-04-29T04:36:30.999Z,,
"https://www.google.com/maps/place/Veteran+LawnScapes/@32.41364,-99.684653,11z/data=!3m1!4b1!4m6!3m5!1s0x44723ba05716b0e1:0xae33ba5bba1b03c3!8m2!3d32.41364!4d-99.684653!16s%2Fg%2F11vsbjkbtd",Veteran LawnScapes,,,General contractor,,,https://www.veteranlawnscapes.com/,+1 559-392-7313,Open 24 hours,,true,Open 24 hours,Open 24 hours,Open 24 hours,Open 24 hours,Open 24 hours,Open 24 hours,Open 24 hours,"https://www.google.com/maps/search/tree+service+businesses+in+Buffalo+Gap+Abilene+TX/@32.2792968,-99.8300894,14z",2026-04-29T04:36:37.550Z,,
https://www.google.com/maps/place/Diamond+B+Land+Development/data=!4m7!3m6!1s0x86568b77e481aeeb:0x7c1a2ea255e99e2d!8m2!3d32.3795755!4d-99.8590225!16s%2Fg%2F11j29vy7_b!19sChIJ666B5HeLVoYRLZ7pVaIuGnw,Diamond B Land Development,5.0,1,Landscaper,,,,+1 325-513-5055,Open 24 hours,https://lh3.googleusercontent.com/gps-cs-s/APNQkAEvg437jyWNwAHEytq47s_qrak57w-lYfGyNPl1EJ2J-k2xg2qGob7FlCyebqKNlp-UZBNlbU-RN8En41FFPnW0BCKEYR-FkppovkEP4_DnVIvTU6a4-bqHyYR5DqN70WV3WeRT=w408-h306-k-no,true,Open 24 hours,Open 24 hours,Open 24 hours,Open 24 hours,Open 24 hours,Open 24 hours,Open 24 hours,"https://www.google.com/maps/search/tree+service+businesses+in+Buffalo+Gap+Abilene+TX/@32.2792968,-99.8300894,14z",2026-04-29T04:36:42.216Z,,
https://www.google.com/maps/place/TruGreen+Lawn+Care/data=!4m7!3m6!1s0x86568d99b179690d:0xf53bfd1c8beaec6a!8m2!3d32.394122!4d-99.7419081!16s%2Fg%2F12nqgnt28!19sChIJDWl5sZmNVoYRauzqixz9O_U,TruGreen Lawn Care,4.4,202,Lawn care service,"4541 S Treadaway Blvd, Abilene, TX 79602, United States","97V5+J6 Abilene, Texas, USA",https://www.trugreen.com/local-lawn-care/texas/odessa?utm_source=gmb&utm_channel=organic?utm_source=gmb&utm_channel=organic,+1 833-418-5004,,https://lh3.googleusercontent.com/gps-cs-s/APNQkAHTh_a2_1HXcNHAHid2Pu6Sapz71KhpASaMYIzKyn_oLIfD8nE02kT-s-dShbgPqohhZa41dshwG0CWbrTtVFwmoddu1DT3FcvMv6_qa7RvrELe6sFwIJbCAQ_wvvu8giChACuM_3Q2ZPnI=w426-h240-k-no,true,,,,,,,,"https://www.google.com/maps/search/tree+service+businesses+in+Buffalo+Gap+Abilene+TX/@32.2792968,-99.8300894,14z",2026-04-29T04:36:47.083Z,,
https://www.google.com/maps/place/Circle+K%26L+Dirt+Work/data=!4m7!3m6!1s0x8656f1301bcba8f1:0xc296e7d7598692c3!8m2!3d32.2357716!4d-99.894531!16s%2Fg%2F11n06v40pg!19sChIJ8ajLGzDxVoYRw5KGWdfnlsI,Circle K&L Dirt Work,4.5,4,Excavating contractor,,,https://circlekldirtwork.com/,+1 325-338-6261,Open 24 hours,https://lh3.googleusercontent.com/gps-cs-s/APNQkAGZlo4ClTHgOuaZICjIw5HR6M1OCt8axzAHf1WXZxVjxKxPUQqfQPRYjzUuaLHJtjb1gY6S-ekG6ZvMJtnywobXMvoJhH1tPcMjg97vD84Kodq239MayY_2YEAuRUl8vPuCNBf84A=w408-h544-k-no,true,Open 24 hours,Open 24 hours,Open 24 hours,Open 24 hours,Open 24 hours,Open 24 hours,Open 24 hours,"https://www.google.com/maps/search/tree+service+businesses+in+Buffalo+Gap+Abilene+TX/@32.2792968,-99.8300894,14z",2026-04-29T04:36:51.888Z,,
https://www.google.com/maps/place/TX+Top-Notch+Landscape+LLC/data=!4m7!3m6!1s0x2f7542832b5229ed:0xf3803a21defa6d63!8m2!3d29.9064461!4d-98.158292!16s%2Fg%2F11s3vs2295!19sChIJ7SlSK4NCdS8RY2363iE6gPM,TX Top-Notch Landscape LLC,4.6,9,Landscape designer,,,https://top-notchlandscape.com/,+1 512-461-7755,Closed · Opens 6 am Wed,https://lh3.googleusercontent.com/gps-cs-s/APNQkAEwaiik71Ck3S3-5Vq2pzMb2JCtpsQWCW0n_2jtdRyDzyp6DeilARQHRgt128RfxPw3ZLZh1sx-CszGVh6GXDZoUYngviJqA-VPJ5W1MO25AF2oM2rlosx0TlPqr2dP6KCCMCVL=w408-h544-k-no,true,6 am–6 pm,6 am–6 pm,6 am–6 pm,6 am–6 pm,8 am–12 pm,Closed,6 am–6 pm,"https://www.google.com/maps/search/tree+service+businesses+in+Buffalo+Gap+Abilene+TX/@32.2792968,-99.8300894,14z",2026-04-29T04:36:56.714Z,,
"https://www.google.com/maps/place/Clientele+Lawn+%26+Landscape/@32.6195381,-99.833601,9z/data=!3m1!4b1!4m6!3m5!1s0x86568d2a49c2ac97:0x746b0963206c9501!8m2!3d32.6195381!4d-99.833601!16s%2Fg%2F11n01yf5jp",Clientele Lawn & Landscape,,,Landscaper,,,https://www.clientelelawnlandscape.com/,+1 325-658-6365,Closed · Opens 8 am Wed,,true,8 am–5 pm,8 am–5 pm,8 am–5 pm,8 am–5 pm,Closed,Closed,8 am–5 pm,"https://www.google.com/maps/search/tree+service+businesses+in+Buffalo+Gap+Abilene+TX/@32.2792968,-99.8300894,14z",2026-04-29T04:37:03.143Z,,
"https://www.google.com/maps/place/CapRock+Lawn+%26+Land/@32.4838865,-99.745403,11z/data=!3m1!4b1!4m6!3m5!1s0xa6447c5b097907db:0xc4ff66e4db859d28!8m2!3d32.4838865!4d-99.745403!16s%2Fg%2F11z5n9cl1_",CapRock Lawn & Land,,,Landscaper,,,https://caprocklawnland.jobbersites.com/,+1 325-514-0469,Closed · Opens 7 am Wed,,true,7 am–6:30 pm,7 am–6:30 pm,7 am–6:30 pm,7 am–6:30 pm,7 am–6:30 pm,7 am–6:30 pm,7 am–6:30 pm,"https://www.google.com/maps/search/tree+service+businesses+in+Buffalo+Gap+Abilene+TX/@32.2792968,-99.8300894,14z",2026-04-29T04:37:09.690Z,,
https://www.google.com/maps/place/W-8+Christmas+Tree+Farm/data=!4m7!3m6!1s0x8656f536e2942ca7:0x9a6b5cd93371b360!8m2!3d32.2463326!4d-99.8592557!16s%2Fg%2F11w3mqhjzy!19sChIJpyyU4jb1VoYRYLNxM9lca5o,W-8 Christmas Tree Farm,5.0,14,Christmas tree farm,"1225 Co Rd 275, Tuscola, TX 79562, United States","64WR+G7 Tuscola, Texas, USA",http://w-8christmastreefarm.com/,+1 575-631-6670,Closed · Opens 10 am Wed,https://lh3.googleusercontent.com/gps-cs-s/APNQkAEWNPKbDk7Ldf-xw_TeRCxl7ail5a2sUoMENNupAuqQ8QhTu7h2zwCcfQno_TWIZCyr-kgI8gCqDoFbSzAZo4ijCQI2jhdvtPSKvS7_chCWGjtg5IjgOg7LPuT9D_dptmqduJb0tQ=w408-h306-k-no,true,10 am–5 pm,10 am–5 pm,10 am–5 pm,10 am–5 pm,Closed,Closed,10 am–5 pm,"https://www.google.com/maps/search/tree+service+businesses+in+Buffalo+Gap+Abilene+TX/@32.2792968,-99.8300894,14z",2026-04-29T04:37:14.687Z,,
https://www.google.com/maps/place/Boyd%27s+Landscaping+Services/data=!4m7!3m6!1s0x819c4e48e74dfa59:0xd38d35d281a4feaf!8m2!3d32.4838865!4d-99.745403!16s%2Fg%2F11vz47dqwt!19sChIJWfpN50hOnIERr_6kgdI1jdM,Boyd's Landscaping Services,5.0,1,Landscaper,,,https://boydslandscapes.com/,+1 325-660-7155,Closed · Opens 7:30 am Wed,https://lh3.googleusercontent.com/gps-cs-s/APNQkAE4foBsP8QbixOnDGHJXyN1KkiehNuYxoIkJn0nE9Mn2RmSIhPtP_oTA0TRLIQ9JFs4ryhPhPTkYqt_MlJw-BUnxIlbwZ8N864L9qWFYAasW76WIVybICNVI3yN__AWSvr474Z4=w408-h544-k-no,true,7:30 am–7 pm,7:30 am–7 pm,7:30 am–7 pm,7:30 am–7 pm,8 am–2 pm,Closed,7:30 am–7 pm,"https://www.google.com/maps/search/tree+service+businesses+in+Buffalo+Gap+Abilene+TX/@32.2792968,-99.8300894,14z",2026-04-29T04:37:19.495Z,,
https://www.google.com/maps/place/Cedar+Creek+Tree+Farms/data=!4m7!3m6!1s0x8656f124e9dd3399:0x5a5e5981c32af02e!8m2!3d32.3092585!4d-99.7568139!16s%2Fg%2F1tg_9xj0!19sChIJmTPd6STxVoYRLvAqw4FZXlo,Cedar Creek Tree Farms,,,Landscaper,"1339 US-83, Tuscola, TX 79562, United States","865V+P7 Tuscola, Texas, USA",,+1 325-668-8322,,https://lh3.googleusercontent.com/gps-cs-s/APNQkAEQQ655FzFZb5oGvmghThDOrqPrnlvSjsB4sYvQRs6tQpGM7FhjTVcwqHdE4lYtLRcOqFg2fMcwwYtRv4ER9OfQoC0hoNTRy2fQvZYZVM_OlQtkJsTyVGq8PpOu0NWvhZx5Tpoq=w408-h544-k-no,false,,,,,,,,"https://www.google.com/maps/search/tree+service+businesses+in+Buffalo+Gap+Abilene+TX/@32.2792968,-99.8300894,14z",2026-04-29T04:37:22.049Z,,
https://www.google.com/maps/place/Pink+Dahlia+Landscape+Design/data=!4m7!3m6!1s0x5a9988554a421e1:0x45fc6a68b2af7cad!8m2!3d32.721678!4d-99.9143065!16s%2Fg%2F11y62nsrc5!19sChIJ4SGkVIWYqQURrXyvsmhq_EU,Pink Dahlia Landscape Design,5.0,5,Landscaper,,,https://pinkdahliald.com/,+1 512-375-1014,Closed · Opens 8 am Wed,https://lh3.googleusercontent.com/gps-cs-s/APNQkAFZtEhDCMnOeM7PbqkBCAtXwmJGaChkG5Opq4kk_Mp4ks-hLg0nv15xl1Uc7IyjIOcPceKpqdzP75kqcmNk5mHkP_ew_DLjPqo1v1doiZvRpBnN0eebO4S5s4ZwffW2itIc9tgg=w408-h265-k-no,true,8 am–6 pm,8 am–6 pm,8 am–6 pm,8 am–6 pm,8 am–6 pm,Closed,8 am–6 pm,"https://www.google.com/maps/search/tree+service+businesses+in+Buffalo+Gap+Abilene+TX/@32.2792968,-99.8300894,14z",2026-04-29T04:37:26.736Z,Identifies as women-owned,
https://www.google.com/maps/place/Greenflip+Landscape/data=!4m7!3m6!1s0x86568f5dd4ea1553:0x5cbebc4859485612!8m2!3d32.4838865!4d-99.745403!16s%2Fg%2F11flgg3_dx!19sChIJUxXq1F2PVoYRElZIWUi8vlw,Greenflip Landscape,5.0,16,Landscaper,,,https://www.facebook.com/GreenflipLandscape?mibextid=ZbWKwL,+1 325-320-0352,Closed · Opens 8 am Wed,https://lh3.googleusercontent.com/gps-cs-s/APNQkAH1F4cr1ic1gRaVrsUsPz_U1OEm52_kzBQaHJo_oqZAOFZXERG5HhlBJMHnBiVr7FvZcnW4KG_aUvcsmCmTSEWrG-jFRpL_C0piVCQNE94JAkQRsQ5QUwyVkr8akOPkQAMvwOx2=w408-h342-k-no,true,8 am–5 pm,8 am–5 pm,8 am–5 pm,8 am–5 pm,10 am–2 pm,Closed,8 am–5 pm,"https://www.google.com/maps/search/tree+service+businesses+in+Anson+Abilene+TX/@32.4534878,-99.7312829,14z",2026-04-29T04:37:42.994Z,,