placeUrl,title,rating,reviewCount,category,address,plusCode,website,phoneNumber,currentStatus,imgUrl,isClaimed,tuesday,wednesday,thursday,friday,saturday,sunday,monday,query,timestamp,info
https://www.google.com/maps/place/All+Heart+Tree+Services+24hr+Storm+Service/data=!4m7!3m6!1s0x54ea8d6fd67146d9:0xf64139e385425f5f!8m2!3d44.9724028!4d-124.0135867!16s%2Fg%2F1tdvzmg9!19sChIJ2UZx1m-N6lQRX19CheM5QfY,All Heart Tree Services 24hr Storm Service,4.7,6,Tree service,"934 NE Hwy 101, Lincoln City, OR 97367, United States","XXCP+XH Lincoln City, Oregon, USA",,+1 541-265-8733,Open 24 hours,https://lh3.googleusercontent.com/gps-cs-s/APNQkAG2nl_FhjEiH8DGQC5PP1Ec0Wmz_1yF8A8KsudH4v0uAJ4Mb7sAPgQU3w5TVc6nM10o1z1DPhR27gZa_pTK9dBcdGn8nylAKIntMuJMSPZIMCBawlqOBtiXZSbJoWukypREFP1Bzg=w408-h270-k-no,true,Open 24 hours,Open 24 hours,Open 24 hours,Open 24 hours,Open 24 hours,Open 24 hours,Open 24 hours,"https://www.google.com/maps/search/tree+service+businesses+in+Lincoln+City+Lincoln+NE/@44.9620902,-124.0159354,14z",2026-04-29T06:32:24.226Z,
https://www.google.com/maps/place/One+Life+Tree+Service/data=!4m7!3m6!1s0x8796bc94295bd22b:0xbfd8409b93af13c0!8m2!3d40.810854!4d-96.6256744!16s%2Fg%2F1q6jzmd8w!19sChIJK9JbKZS8locRwBOvk5tA2L8,One Life Tree Service,4.9,261,Tree service,"301 S 70th St Suite 314, Lincoln, NE 68510, United States","R96F+8P Lincoln, Nebraska, USA",http://www.onelifetreeservicellc.com/,+1 402-802-9258,Open 24 hours,https://lh3.googleusercontent.com/gps-cs-s/APNQkAHq-vYhB67iDzBcG7nF2eeYvDpGC1Uj5e9e622D3R9flRbNadTvrIXtBLb0BYqXM1AcLqi0LQTG7kiFBp9rMGgxiCc3_fSN8ay7g7_VyGsyFTt3carSvq0LaJX_peIENXspvVPLew=w408-h272-k-no,true,Open 24 hours,Open 24 hours,Open 24 hours,Open 24 hours,Open 24 hours,Open 24 hours,Open 24 hours,"https://www.google.com/maps/search/tree+service+businesses+in+Lincoln+City+Lincoln+NE/@44.9620902,-124.0159354,14z",2026-04-29T06:32:30.397Z,
https://www.google.com/maps/place/Blue+Ox+Tree+Service/data=!4m7!3m6!1s0x8796be42cbf899b7:0x227eef2ae6f618ed!8m2!3d40.7909697!4d-96.607436!16s%2Fg%2F1v29cjg0!19sChIJt5n4y0K-locR7Rj25irvfiI,Blue Ox Tree Service,4.9,675,Tree service,"8311 South St, Lincoln, NE 68506, United States","Q9RV+92 Lincoln, Nebraska, USA",https://www.blueoxtrees.com/,+1 402-805-0537,,https://lh3.googleusercontent.com/gps-cs-s/APNQkAGGkINvejodi2XNZkUV3Xo-86FTeN-wLmdm38A-BETOgSGStBGl_ddz1cr0-azTTp-mYRyy1i3-Vdls_WKetfVdyk4i-dI5eCOYjY-cd7xhaq9YVMePeF_qDLQF579T2_2FUWC7Dw=w426-h240-k-no,true,Open 24 hours,Open 24 hours,Open 24 hours,Open 24 hours,Open 24 hours,Open 24 hours,Open 24 hours,"https://www.google.com/maps/search/tree+service+businesses+in+Lincoln+City+Lincoln+NE/@44.9620902,-124.0159354,14z",2026-04-29T06:32:35.915Z,
https://www.google.com/maps/place/Elite+Tree+Services/data=!4m7!3m6!1s0x8796bf837e3fffe5:0xfb54afa17d9461e2!8m2!3d40.785985!4d-96.7089872!16s%2Fg%2F11x68j5mrn!19sChIJ5f8_foO_locR4mGUfaGvVPs,Elite Tree Services,5.0,53,Tree service,"2675 S 9th St, Lincoln, NE 68502, United States","Q7PR+9C Lincoln, Nebraska, USA",https://www.facebook.com/share/1C5LmNQaxh/?mibextid=wwXIfr,+1 402-540-7053,Open 24 hours,https://lh3.googleusercontent.com/gps-cs-s/APNQkAGyA0RVYW0xDVw3lxRvMw20yluslUqCmf9tOlbSJK2wBG3Vl5rFt_jvIBQT_xUktARQ8ppqK_1xBe9yJPNtTVTY8DyqlnZlgmRupppuY7K5TQUWQGnQZmjwp0a_CtbaZJqH9cfwRQ=w408-h544-k-no,true,Open 24 hours,Open 24 hours,Open 24 hours,Open 24 hours,Open 24 hours,Open 24 hours,Open 24 hours,"https://www.google.com/maps/search/tree+service+businesses+in+Lincoln+City+Lincoln+NE/@44.9620902,-124.0159354,14z",2026-04-29T06:32:40.862Z,
https://www.google.com/maps/place/Charlie+Tree+Services/data=!4m7!3m6!1s0x54ea8ede112ac2ff:0x252d33a262e34b84!8m2!3d44.9687716!4d-124.0018299!16s%2Fg%2F1tj9t1pt!19sChIJ_8IqEd6O6lQRhEvjYqIzLSU,Charlie Tree Services,4.4,19,Tree service,,,,+1 541-994-3539,Closed · Opens 8 am Wed,https://lh3.googleusercontent.com/gps-cs-s/APNQkAFij_XCmPYgAqkvVpk7lPOWe_1V2nZLjzNjNCrTPYZVvCCznQuWADftvIVGtaWXnNNSzcWBo9t7ugQSOWWaX1bNgrdZAMznPImHAtScBfGse37cdkj1mKUjYPxyFn4pL2lemPSS=w408-h384-k-no,true,8 am–5 pm,8 am–5 pm,8 am–5 pm,8 am–5 pm,8 am–5 pm,8 am–5 pm,8 am–5 pm,"https://www.google.com/maps/search/tree+service+businesses+in+Lincoln+City+Lincoln+NE/@44.9620902,-124.0159354,14z",2026-04-29T06:32:45.538Z,
https://www.google.com/maps/place/Acme+Tree+Services/data=!4m7!3m6!1s0x8796bbfc00000001:0xf2c84988ad717974!8m2!3d40.8524744!4d-96.6584654!16s%2Fg%2F1thcsvm3!19sChIJAQAAAPy7locRdHlxrYhJyPI,Acme Tree Services,4.7,86,Tree service,"Lincoln, NE 68504, United States","V82R+XJ Lincoln, Nebraska, USA",https://acmetreeservices.com/,+1 402-421-2514,Open 24 hours,https://lh3.googleusercontent.com/gps-cs-s/APNQkAF_A0OwyKUqA9aJqf6--McdrxjHVPQmH6kh79SL5nPsG2aJS2DLbmdImnicSaklsw4xW-F6bE-EroLhhK8u-oiy-R10TODrOJklECTgZ1FeGjEdqn6qftw7iXXiwfjWhNDqY7wq-F-aDWFC=w426-h240-k-no,false,Open 24 hours,Open 24 hours,Open 24 hours,Open 24 hours,Open 24 hours,Open 24 hours,Open 24 hours,"https://www.google.com/maps/search/tree+service+businesses+in+Newport+Lincoln+NE/@42.6013894,-99.3273303,14z",2026-04-29T06:32:59.319Z,
https://www.google.com/maps/place/Total+Tree+Care/data=!4m7!3m6!1s0xad16cc01176b54b3:0xc6f68a79bcf681b2!8m2!3d40.79972!4d-96.6900229!16s%2Fg%2F11l6hry08v!19sChIJs1RrFwHMFq0RsoH2vHmK9sY,Total Tree Care,5.0,51,Arborist service,"2115 B St, Lincoln, NE 68502, United States","Q8X5+VX Lincoln, Nebraska, USA",https://www.total-tree-care.com/,+1 402-764-0558,Open 24 hours,https://lh3.googleusercontent.com/gps-cs-s/APNQkAGRe1utx_82Ix1tHpesNqpdUzmtIc648TkNdEygW1j5DI_QRfiNYirCVQiPztYt-v-TMtI45u1H8C8Mj-6dkIh1QAM6xB7KP90cRI8-57wYZ6upQErcZ21s4_zC_aTd_O9qGmdmvqc-OiY=w408-h544-k-no,true,Open 24 hours,Open 24 hours,Open 24 hours,Open 24 hours,Open 24 hours,Closed,Open 24 hours,"https://www.google.com/maps/search/tree+service+businesses+in+Newport+Lincoln+NE/@42.6013894,-99.3273303,14z",2026-04-29T06:33:04.270Z,
https://www.google.com/maps/place/A%2B+Treeworks/data=!4m7!3m6!1s0x8796be623ad4c879:0xd27948f6e653d4ce!8m2!3d40.8042155!4d-96.6791332!16s%2Fg%2F1tdfz6wr!19sChIJecjUOmK-locRztRT5vZIedI,A+ Treeworks,4.4,14,Tree service,"941 S 29th St, Lincoln, NE 68510, United States","R83C+M8 Lincoln, Nebraska, USA",http://aplustreeworks.com/,+1 402-730-3898,"Open 24 hours

Confirmed by this business 2 weeks ago",https://lh3.googleusercontent.com/gps-cs-s/APNQkAErJ1pC9BbZTrXaJ4c1pdvWsVr6csTywvCSGeiq8ZR6hOe2_Nv-fNJ93M8D2hlm60uGN7GkfWMaHPb_R3rrUoMGKeNFyPT2ZpCU7qlXFYaRBcBN-bTBJZJcr-28MBhJcFfw_x8=w426-h240-k-no,true,Open 24 hours,Open 24 hours,Open 24 hours,Open 24 hours,Open 24 hours,Open 24 hours,Open 24 hours,"https://www.google.com/maps/search/tree+service+businesses+in+Newport+Lincoln+NE/@42.6013894,-99.3273303,14z",2026-04-29T06:33:09.480Z,
https://www.google.com/maps/place/The+Tree+Guys/data=!4m7!3m6!1s0x8796bf97af22cf1f:0x516fa8ebcd80035f!8m2!3d40.7900631!4d-96.7299095!16s%2Fg%2F1tdh8yzy!19sChIJH88ir5e_locRXwOAzeuob1E,The Tree Guys,4.7,161,Tree service,"2200 S Folsom Ct, Lincoln, NE 68522, United States","Q7RC+22 Lincoln, Nebraska, USA",http://www.lincolntreeguys.com/,+1 402-438-8752,Closed · Opens 8 am,https://lh3.googleusercontent.com/gps-cs-s/APNQkAHypKkE35LJYbdJW23fyBMiRFqkHWXi5N9DkA6i19L74FiW33FiZd9Ts99bdx_o3ZwgVmY_YTkgt3H_WizLXjmjYeGGDHhnxtMicB9SZ2Y3YwEIvwCoPj1mq2CdOkxNggdPcKE=w408-h271-k-no,true,8 am–5 pm,8 am–5 pm,8 am–5 pm,8 am–5 pm,Closed,Closed,8 am–5 pm,"https://www.google.com/maps/search/tree+service+businesses+in+Newport+Lincoln+NE/@42.6013894,-99.3273303,14z",2026-04-29T06:33:14.205Z,
https://www.google.com/maps/place/Stormy+Tree+Service/data=!4m7!3m6!1s0x8796bdd0ade46a97:0xceb84ff140476065!8m2!3d40.8377283!4d-96.6064376!16s%2Fg%2F11fmqljtth!19sChIJl2rkrdC9locRZWBHQPFPuM4,Stormy Tree Service,4.6,37,Tree service,"2542 N 83rd St, Lincoln, NE 68507, United States","R9QV+3C Lincoln, Nebraska, USA",https://stormytreeservice.com/,+1 402-202-7470,"Closed · Opens 8 am

Updated by this business 11 weeks ago",https://lh3.googleusercontent.com/gps-cs-s/APNQkAEneInJQmw82MYJdvv784q5vRyD9QmhEzqnbcnJ8tT5fvyV-Xwo4ZQF4tmYaoPry5qO_ai8DlmvNoam9gFdDCplfeFRVXxvo6O6eENb5LFtlcCem4ripAt-aHQfxxjqCa3buJAUAo7yTlgQ=w408-h348-k-no,true,8 am–8 pm,8 am–8 pm,8 am–8 pm,8 am–8 pm,8 am–8 pm,Closed,8 am–8 pm,"https://www.google.com/maps/search/tree+service+businesses+in+Newport+Lincoln+NE/@42.6013894,-99.3273303,14z",2026-04-29T06:33:18.864Z,
https://www.google.com/maps/place/Spidermonkey+Tree+Services/data=!4m7!3m6!1s0x42d447ab88a6fda9:0x88b558fede120c49!8m2!3d40.8457682!4d-96.6360665!16s%2Fg%2F11yb1h3tlr!19sChIJqf2miKtH1EIRSQwS3v5YtYg,Spidermonkey Tree Services,5.0,5,Tree service,"6140 Judson St, Lincoln, NE 68507, United States","R9W7+8H Lincoln, Nebraska, USA",https://www.spidermonkeytreeservices.com/,+1 531-893-1928,Open 24 hours,https://lh3.googleusercontent.com/gps-cs-s/APNQkAHNpu_TqfrC_z4-9Ja-K1a3ONrJdFiM7zXhmip892ul94LG9reoVsBMEjlA-RRCHyAnNM3W-s1_1pXyE8o5F_BRlJ5BaK5hL0sviNSTPrTOnYo-sEtwnS4ua95WqPm-DYzeFjfkhg=w408-h543-k-no,true,Open 24 hours,Open 24 hours,Open 24 hours,Open 24 hours,Open 24 hours,Open 24 hours,Open 24 hours,"https://www.google.com/maps/search/tree+service+businesses+in+Newport+Lincoln+NE/@42.6013894,-99.3273303,14z",2026-04-29T06:33:23.713Z,
https://www.google.com/maps/place/Good+Life+Tree+Service/data=!4m7!3m6!1s0x8796be923a37264f:0x5922a331f4e16845!8m2!3d40.8043626!4d-96.68581!16s%2Fg%2F11g9dgmr6w!19sChIJTyY3OpK-locRRWjh9DGjIlk,Good Life Tree Service,4.9,101,Tree service,,,http://www.goodlifetrees.com/,,Open 24 hours,https://lh3.googleusercontent.com/gps-cs-s/APNQkAHqT5Zhre4j0TgLKECZLOBzjmbvadfkdDZaLIuP_tjLvvwoA4VuY0bQpsO4L6jHHFb93OO1onuMwzD6Ox2IKIfXRjFN_2Oru4tsdYhZLSDAfWgbqCGR7LR4OaTLo-N_yOYsYnz3=w408-h873-k-no,true,Open 24 hours,Open 24 hours,Open 24 hours,Open 24 hours,Open 24 hours,Open 24 hours,Open 24 hours,"https://www.google.com/maps/search/tree+service+businesses+in+Newport+Lincoln+NE/@42.6013894,-99.3273303,14z",2026-04-29T06:33:28.393Z,
https://www.google.com/maps/place/Lincoln+Tree+Service+Inc/data=!4m7!3m6!1s0x8796bb9e25a20a25:0x7d3f2705e154f864!8m2!3d41.1494195!4d-96.6628094!16s%2Fg%2F1v_nc_v2!19sChIJJQqiJZ67locRZPhU4QUnP30,Lincoln Tree Service Inc,4.1,24,Tree service,,,http://www.lincoln-tree.com/,+1 402-466-1627,Closed · Opens 7 am,https://lh3.googleusercontent.com/gps-cs-s/APNQkAF-CUTmFzJHTOtryu0ESNhRxCirjRWIGbre60kpuyqpxK8sIo3zAMpCKMNGtO9wo0Lv5u_XLnjLgHDP1qbz2hZXrlDcag2FMcrsAi_yGOdOFcU5abPD2AGEwUCecsr92LMAZiVQ=w408-h306-k-no,true,7 am–5 pm,7 am–5 pm,7 am–5 pm,7 am–5 pm,Closed,Closed,7 am–5 pm,"https://www.google.com/maps/search/tree+service+businesses+in+Newport+Lincoln+NE/@42.6013894,-99.3273303,14z",2026-04-29T06:33:33.365Z,
https://www.google.com/maps/place/Tri-Point+Tree+%26+Landscaping+LLC/data=!4m7!3m6!1s0x8796912d94347c9b:0xb4ee02dc741ca639!8m2!3d40.6843903!4d-96.6309986!16s%2Fg%2F1tg9j19l!19sChIJm3w0lC2RlocROaYcdNwC7rQ,Tri-Point Tree & Landscaping LLC,4.5,38,Tree service,"6700 Bennet Rd, Roca, NE 68430, United States","M9M9+QJ Roca, Nebraska, USA",https://www.tripointtree.com/,+1 402-488-8007,Closed · Opens 7 am,https://lh3.googleusercontent.com/gps-cs-s/APNQkAHrQw6ekNPZw2mMhAYhvjmRn1hXet3w_b_Rpme4BrQh9-vNHb5oxfJBQE7ym0xMWswYiCYMNBCeaBcil_GH75BRhKqiYo5ew_PLCruQEyNE4Ol94hWECHBNfXKcmGZr9cvZvCZZ=w426-h240-k-no,true,7 am–10 pm,7 am–10 pm,7 am–10 pm,7 am–10 pm,7 am–10 pm,1–7 pm,7 am–10 pm,"https://www.google.com/maps/search/tree+service+businesses+in+Newport+Lincoln+NE/@42.6013894,-99.3273303,14z",2026-04-29T06:33:38.532Z,
https://www.google.com/maps/place/Hall+Brothers+Tree+Service/data=!4m7!3m6!1s0x8796959e3b50d151:0x77daf2ee6e1bf1fe!8m2!3d41.5008195!4d-99.680902!16s%2Fg%2F11bc6zf0v6!19sChIJUdFQO56VlocR_vEbbu7y2nc,Hall Brothers Tree Service,5.0,14,Tree service,,,http://www.hallbrotherstrees.com/,+1 402-840-3133,Closed · Opens 9 am,https://lh3.googleusercontent.com/gps-cs-s/APNQkAGZLI6s7KK0WYLjY6C6iEQoevjPcWY6ydUR1uM4JnFRY-ynhwSa-cnpsOBO7oQeBKbcTtHRkrJ-qCLcOH-Yemz7GQ5EXj801q7feE3OIL-i0T6A1WovbD8ndqw-RwyNchWJgSDY0Q=w408-h725-k-no,true,9 am–5 pm,9 am–5 pm,9 am–5 pm,9 am–5 pm,Closed,Closed,9 am–5 pm,"https://www.google.com/maps/search/tree+service+businesses+in+Newport+Lincoln+NE/@42.6013894,-99.3273303,14z",2026-04-29T06:33:43.452Z,
https://www.google.com/maps/place/Driftwood+Tree+%26+Landcare/data=!4m7!3m6!1s0x855045a85f2725c1:0x64bb9922acfcc3f!8m2!3d41.5008195!4d-99.680902!16s%2Fg%2F11w43n1z5x!19sChIJwSUnX6hFUIURP8zPKpK5SwY,Driftwood Tree & Landcare,5.0,7,Tree service,,,https://www.driftwoodtreeandland.com/,,Open 24 hours,https://lh3.googleusercontent.com/gps-cs-s/APNQkAEeGEkgepetPxn0vwTtsAaHD3fKvs8M_jdu0XuLz1IP6AlIWFNZEZXbVM9Tij6egkthvK7CwM7dyVJtFNo-CDMcxd4R7zNp_rz7Qk5qYThyGW_JYmvksb6qM3AhXrrW0V1TGWSVZ2qE1-Pj=w408-h544-k-no,true,Open 24 hours,Open 24 hours,Open 24 hours,Open 24 hours,Open 24 hours,Open 24 hours,Open 24 hours,"https://www.google.com/maps/search/tree+service+businesses+in+Newport+Lincoln+NE/@42.6013894,-99.3273303,14z",2026-04-29T06:33:48.786Z,
"https://www.google.com/maps/place/Aim+High+Tree+Services/@41.2998396,-94.459566,7z/data=!3m1!4b1!4m6!3m5!1s0x8796be4955555555:0x87f0bf98dca6b0fe!8m2!3d41.2998396!4d-94.459566!16s%2Fg%2F1tk_k6hk",Aim High Tree Services,4.6,9,Tree service,,,http://aimhightreeservices.com/,+1 402-326-4004,Open 24 hours,,true,Open 24 hours,Open 24 hours,Open 24 hours,Open 24 hours,Closed,Open 24 hours,Open 24 hours,"https://www.google.com/maps/search/tree+service+businesses+in+Newport+Lincoln+NE/@42.6013894,-99.3273303,14z",2026-04-29T06:33:55.708Z,
https://www.google.com/maps/place/Christiansen+Enterprises+Inc/data=!4m7!3m6!1s0x87942008f64b8407:0x89d03bd21019950f!8m2!3d40.7661322!4d-96.4056949!16s%2Fg%2F1trsyhzr!19sChIJB4RL9ggglIcRD5UZENI70Ik,Christiansen Enterprises Inc,4.8,64,Tree service,"1450 N 6th Rd, Palmyra, NE 68418, United States","QH8V+FP Palmyra, Nebraska, USA",https://christiansentreeservices.com/,+1 402-430-4644,,https://lh3.googleusercontent.com/gps-cs-s/APNQkAGPofqSAfg9sK6IeD0lmWEuWf1iV27GNRk8XzWUue55Y751E7vWrY-oWNgSNDMyZ8mQBfiDGcBV9OtbZfHSRXH0kXhW194Vc3QT0i0sRfNvRksVbIHuRfOWrINVKLb3E20E2QNe=w408-h306-k-no,false,,,,,,,,"https://www.google.com/maps/search/tree+service+businesses+in+Newport+Lincoln+NE/@42.6013894,-99.3273303,14z",2026-04-29T06:33:58.473Z,
https://www.google.com/maps/place/Tree+Removal+Lincoln/data=!4m7!3m6!1s0x879695e2a8155555:0x6a282d0fc239e54a!8m2!3d40.7558682!4d-96.6638955!16s%2Fg%2F11fm_795lk!19sChIJVVUVqOKVlocRSuU5wg8tKGo,Tree Removal Lincoln,,,Tree service,"3900 Old Cheney Rd, Lincoln, NE 68516, United States","Q84P+8C Lincoln, Nebraska, USA",,+1 402-817-2804,,https://streetviewpixels-pa.googleapis.com/v1/thumbnail?panoid=EzoIARQMNM4f_dQK3HzV-Q&cb_client=search.gws-prod.gps&w=408&h=240&yaw=99.564285&pitch=0&thumbfov=100,false,,,,,,,,"https://www.google.com/maps/search/tree+service+businesses+in+Newport+Lincoln+NE/@42.6013894,-99.3273303,14z",2026-04-29T06:34:01.144Z,
https://www.google.com/maps/place/Surfing+Tree+Service/data=!4m7!3m6!1s0x54c1c3005c9f596d:0xc4fb2a8c94acfc9b!8m2!3d44.433545!4d-124.078476!16s%2Fg%2F11lc_6673k!19sChIJbVmfXADDwVQRm_yslIwq-8Q,Surfing Tree Service,5.0,15,Tree service,"1001 NW Bayshore Dr, Waldport, OR 97394, United States","CWMC+CJ Waldport, Oregon, USA",https://surfingtree.net/,+1 541-351-8247,Open 24 hours,https://lh3.googleusercontent.com/gps-cs-s/APNQkAE8qU87YGCUEdeIdJ6lyrrwmQ2Z4q2iTwJLPX7nCQRKjPLt28TrPbLwKjZK1vklIW3MyG9a53nLHXGbxq2gjZmB99XbEQHOVL6j7KUwyhLP1qwPFZfF_1g2MvSXhSpBl8JiwZ8Eow=w408-h306-k-no,true,Open 24 hours,Open 24 hours,Open 24 hours,Open 24 hours,Open 24 hours,Open 24 hours,Open 24 hours,"https://www.google.com/maps/search/tree+service+businesses+in+Waldport+Lincoln+NE/@44.426786,-124.0687302,14z",2026-04-29T06:34:14.425Z,
https://www.google.com/maps/place/ALL+HEART+TREE+SERVICE/data=!4m7!3m6!1s0x54c1c343cc50de43:0x15a11e24766283d5!8m2!3d44.4264273!4d-124.0648013!16s%2Fg%2F11j8hyzzr1!19sChIJQ95QzEPDwVQR1YNidiQeoRU,ALL HEART TREE SERVICE,,,Tree service,"165 NW John St suite 643, Waldport, OR 97394, United States","CWGP+H3 Waldport, Oregon, USA",,+1 541-563-8733,Open 24 hours,https://lh3.googleusercontent.com/gps-cs-s/APNQkAF82tzvUKyGGCSK_mm7cJxsFBBWpjYV5oryUWJcP0Cdx8Z54l_4lmQPE0K5AMqazF2oeK-dxKi-SNVkyrRKvUNjU67Syfo5vI0QC1X7ZzQmz_uul2z073ZJunpyvNrBS7s-8sUs=w408-h725-k-no,true,Open 24 hours,Open 24 hours,Open 24 hours,Open 24 hours,Open 24 hours,Open 24 hours,Open 24 hours,"https://www.google.com/maps/search/tree+service+businesses+in+Waldport+Lincoln+NE/@44.426786,-124.0687302,14z",2026-04-29T06:34:19.458Z,
"https://www.google.com/maps/place/Stephens+Tree+Care,+LLC/data=!4m7!3m6!1s0x54c195c0065b1abd:0x3c8b4068e690cb40!8m2!3d44.3112492!4d-124.1048408!16s%2Fg%2F11f3vndn07!19sChIJvRpbBsCVwVQRQMuQ5mhAizw","Stephens Tree Care, LLC",5.0,4,Tree service,"Yachats, OR 97498, United States","8V6W+F3 Yachats, Oregon, USA",http://www.stephenstreecare.com/,+1 541-547-3465,Open 24 hours,https://streetviewpixels-pa.googleapis.com/v1/thumbnail?panoid=_gPNicGp6Y7xXOOWHUvzpw&cb_client=search.gws-prod.gps&w=408&h=240&yaw=330.32138&pitch=0&thumbfov=100,false,Open 24 hours,Open 24 hours,Open 24 hours,Open 24 hours,Open 24 hours,Closed,Open 24 hours,"https://www.google.com/maps/search/tree+service+businesses+in+Waldport+Lincoln+NE/@44.426786,-124.0687302,14z",2026-04-29T06:34:24.488Z,
https://www.google.com/maps/place/Thompson%27s+Nursery+Llc/data=!4m7!3m6!1s0x54c1c17d15700197:0x17fbe6a697cfd294!8m2!3d44.4112942!4d-124.0246529!16s%2Fg%2F1wnbxrgl!19sChIJlwFwFX3BwVQRlNLPl6bm-xc,Thompson's Nursery Llc,4.9,71,Plant nursery,"2874 E Alsea Hwy, Waldport, OR 97394, United States","CX6G+G4 Waldport, Oregon, USA",,+1 541-563-3676,"Closed · Opens 9 am Wed

Updated by this business 4 weeks ago",https://lh3.googleusercontent.com/gps-cs-s/APNQkAFNMOpivTOcAACaF2GatfBOrt10pgt_7crHlu2aBPf-E5NAtNMHlXbZW1NBTgZ5szpCKNOgVOtmOlrlbtJQhCoXoN0DtxLo9D7uRd_VHNHg6Yews31iuplHZE6vWMyqPKsV_K9QXXLEO5Vq=w426-h240-k-no,true,9 am–5 pm,9 am–5 pm,9 am–5 pm,9 am–5 pm,9 am–5 pm,12–4 pm,Closed,"https://www.google.com/maps/search/tree+service+businesses+in+Waldport+Lincoln+NE/@44.426786,-124.0687302,14z",2026-04-29T06:34:29.339Z,
https://www.google.com/maps/place/Oregon+Coast+Tree+Company/data=!4m7!3m6!1s0x54c1d7b61bcdca3d:0xd6af14e9e72d12b3!8m2!3d44.6326735!4d-124.0573631!16s%2Fg%2F11d_9kvwch!19sChIJPcrNG7bXwVQRsxIt5-kUr9Y,Oregon Coast Tree Company,4.8,22,Tree service,"443 SW Coast Hwy, Newport, OR 97365, United States","JWMV+33 Newport, Oregon, USA",,+1 541-270-5638,Open 24 hours,https://lh3.googleusercontent.com/gps-cs-s/APNQkAHfYnPtYAemQcXjSmRXMPB3Y9KRckf3z6CaE50v5w7tY83rhoxK_cAIcNBWOWL2rlWl_i1DeAjfGyfAqk0sWjqam17QQrN8uXWFL1VpR-DTNHunOTnxsQjBuHmVxTkrdbH0hrN5=w408-h544-k-no,true,Open 24 hours,Open 24 hours,Open 24 hours,Open 24 hours,Open 24 hours,Open 24 hours,Open 24 hours,"https://www.google.com/maps/search/tree+service+businesses+in+Waldport+Lincoln+NE/@44.426786,-124.0687302,14z",2026-04-29T06:34:34.571Z,
https://www.google.com/maps/place/High+Tied+Tree+Care/data=!4m7!3m6!1s0x54c1dbdfb14314b9:0x7b830074d616815d!8m2!3d44.5553211!4d-124.0620029!16s%2Fg%2F11s___kk58!19sChIJuRRDsd_bwVQRXYEW1nQAg3s,High Tied Tree Care,5.0,12,Tree service,"391 SE 116th St, South Beach, OR 97366, United States","HW4Q+45 South Beach, Newport, OR, USA",https://hightiedtree.com/,+1 541-270-3273,Closed · Opens 8 am Wed,https://lh3.googleusercontent.com/gps-cs-s/APNQkAF2fDaJ19xzj1V3CjgaRU3sFCdUvP_eNb5y6w6SqtVdgrRjhYVT6WcOLFOvGrY-LWLtEHKdlNI8DI-J2rifesv0_ur9UsvjTBqa8WlyPpbsj2c6OdFW9Gdp_zIT4s1duDedNYxgKQ=w408-h271-k-no,true,8 am–7 pm,8 am–7 pm,8 am–7 pm,8 am–7 pm,8 am–7 pm,8 am–7 pm,8 am–7 pm,"https://www.google.com/maps/search/tree+service+businesses+in+Waldport+Lincoln+NE/@44.426786,-124.0687302,14z",2026-04-29T06:34:39.924Z,
https://www.google.com/maps/place/Climbing-Spur+Tree+Service/data=!4m7!3m6!1s0x883c7fb6c0d1b403:0xa238c6c634d4944!8m2!3d41.6799844!4d-83.597229!16s%2Fg%2F11x8r6jh4w!19sChIJA7TRwLZ_PIgRRElNY2yMIwo,Climbing-Spur Tree Service,4.8,88,Tree service,"3209 St Bernard Dr, Toledo, OH 43606, United States","MCH3+X4 Toledo, Ohio, USA",,+1 419-377-6252,Open 24 hours,https://lh3.googleusercontent.com/gps-cs-s/APNQkAEAytLKOmCxixaTLcINYdmE4MWi8iANm0qYMW2Tr3uyihP5uMDDVyqVBdNpsKzYCNzht3JjXkJHvSaQOcucTa9xBto8y8cx20SFp82ob_SNuKEJzipOHLVfnq0_CF7JpCFkEXvvxXYmc9Q=w408-h886-k-no,true,Open 24 hours,Open 24 hours,Open 24 hours,Open 24 hours,Open 24 hours,Open 24 hours,Open 24 hours,"https://www.google.com/maps/search/tree+service+businesses+in+Toledo+Lincoln+NE/@41.6528052,-83.5378674,14z",2026-04-29T06:34:54.627Z,
https://www.google.com/maps/place/JT+Tree+Service+and+Removal+LLC/data=!4m7!3m6!1s0x883c79fd49eca1f5:0x9325111d837b79e4!8m2!3d41.6291838!4d-83.5942026!16s%2Fg%2F11j75l5yvr!19sChIJ9aHsSf15PIgR5Hl7gx0RJZM,JT Tree Service and Removal LLC,3.9,39,Tree service,"553 Myers St, Toledo, OH 43609, United States","JCH4+M8 Toledo, Ohio, USA",,+1 419-261-4643,Open 24 hours,https://lh3.googleusercontent.com/gps-cs-s/APNQkAHF8De3da9nqOuxbTOKjyNnpK_qWBUIdg6eIzB7nLFQGKIKaShom9uFdYBpRzrRldN9KzFs0_Xf42RMdlDg8GNwLRvWNO5UGM_R0jZ25Zay9qOOQK27aJv_hRcCp26na5W9Oe83=w426-h240-k-no,false,Open 24 hours,Open 24 hours,Open 24 hours,Open 24 hours,Open 24 hours,Open 24 hours,Open 24 hours,"https://www.google.com/maps/search/tree+service+businesses+in+Toledo+Lincoln+NE/@41.6528052,-83.5378674,14z",2026-04-29T06:35:00.907Z,
https://www.google.com/maps/place/White%27s+Tree+Service+LLC/data=!4m7!3m6!1s0x883b81f5ca44c8df:0xdf27829471ff60c1!8m2!3d41.7132128!4d-83.6026493!16s%2Fg%2F11wfmh4yy1!19sChIJ38hEyvWBO4gRwWD_cZSCJ98,White's Tree Service LLC,5.0,70,Tree service,"2410 Newport Ave, Toledo, OH 43613, United States","P97W+7W Toledo, Ohio, USA",,+1 419-346-9263,Open 24 hours,https://lh3.googleusercontent.com/gps-cs-s/APNQkAEEgbCFUXxMQWZrDjO4ej2rIyIPEnFG5UXXHQVlJFKjd_oqUgvDkXNiu5oTKrYHT00wIaQRFA8cAp-ZR5EajuXcncU9zLaY-MBgojmNg24fYR9DaMmKLkaPlcQn9plgMXfuUJxn=w408-h874-k-no,true,Open 24 hours,Open 24 hours,Open 24 hours,Open 24 hours,Open 24 hours,Open 24 hours,Open 24 hours,"https://www.google.com/maps/search/tree+service+businesses+in+Toledo+Lincoln+NE/@41.6528052,-83.5378674,14z",2026-04-29T06:35:06.466Z,
https://www.google.com/maps/place/Hansen%27s+Tree+%26+Crane+Service+LLC/data=!4m7!3m6!1s0x883b87a561a6a6fd:0x3a5d843d1dfd9242!8m2!3d41.5411336!4d-83.6624041!16s%2Fg%2F11df0yq7lb!19sChIJ_aamYaWHO4gRQpL9HT2EXTo,Hansen's Tree & Crane Service LLC,4.7,64,Tree service,,,https://www.hansenstreeandcraneservice.com/,+1 419-261-8582,Closed · Opens 9 am,https://lh3.googleusercontent.com/gps-cs-s/APNQkAFlqC8G_1Mp0U-i31X6YDwCMaRtxNcuZlhVv3GyvTdc_TrWh6m7Dy8pSYi4c-0Bl0zAmffgtbMeWDpv8KpS4J5Y4GYxV6jjhFRN0ZoHWu6J7PXtYvOpOWj94FZ89OTcef8bnFRt=w426-h240-k-no,true,9 am–5 pm,9 am–5 pm,9 am–5 pm,9 am–5 pm,9 am–12 pm,Closed,9 am–5 pm,"https://www.google.com/maps/search/tree+service+businesses+in+Toledo+Lincoln+NE/@41.6528052,-83.5378674,14z",2026-04-29T06:35:11.211Z,
https://www.google.com/maps/place/Big+Swing+Tree+Service+LLC/data=!4m7!3m6!1s0x883c788dc7f43ed5:0x4926768ea17253f5!8m2!3d41.686728!4d-83.4401136!16s%2Fg%2F11cnxzbb24!19sChIJ1T70x414PIgR9VNyoY52Jkk,Big Swing Tree Service LLC,4.8,74,Tree service,,,https://www.toledooharborist.com/,+1 567-245-0215,Open 24 hours,https://lh3.googleusercontent.com/gps-cs-s/APNQkAGrsYKQEB-uJdEItkwaYupQs_SSKGHFmQzLDHCF8p5YL2UYxnSYEUkahnydx3sXeF1-zanqGvqGB1inBqtxjAZLYnFTVWxmlQXJ5KlVqZUFF73D2qJPmTDMxLbSpJQmaP4z3c43oOSGhbM9=w408-h544-k-no,true,Open 24 hours,Open 24 hours,Open 24 hours,Open 24 hours,Open 24 hours,Open 24 hours,Open 24 hours,"https://www.google.com/maps/search/tree+service+businesses+in+Toledo+Lincoln+NE/@41.6528052,-83.5378674,14z",2026-04-29T06:35:16.398Z,
https://www.google.com/maps/place/The+Davey+Tree+Expert+Company/data=!4m7!3m6!1s0x883c78be14d568ed:0xbc186724ffda0218!8m2!3d41.6441049!4d-83.6093611!16s%2Fg%2F1tgx2psn!19sChIJ7WjVFL54PIgRGALa_yRnGLw,The Davey Tree Expert Company,3.9,68,Tree service,"409 Burbank Dr, Toledo, OH 43607, United States","J9VR+J7 Toledo, Ohio, USA",https://www.davey.com/residential-tree-services/local-offices/toledo-tree-service/?utm_source=gmb&utm_medium=organic&utm_campaign=rc_toledo,+1 419-469-6308,"Closed · Opens 8 am

Updated by this business 10 weeks ago",https://lh3.googleusercontent.com/gps-cs-s/APNQkAFg7AxoCJg1TQ81j6wEj5_8vwCDSOSoJcZ1MLGKQs2QLc5LEW3xReDOCSsqjERdb84wnnzcjXetCPOpauENZDaoDDH4KXbzX5-Su32Oiv1vmogjC33JSJtNTa2q25liPZata4K0=w408-h272-k-no,true,8 am–5 pm,8 am–5 pm,8 am–5 pm,8 am–5 pm,Closed,Closed,8 am–5 pm,"https://www.google.com/maps/search/tree+service+businesses+in+Toledo+Lincoln+NE/@41.6528052,-83.5378674,14z",2026-04-29T06:35:21.775Z,
"https://www.google.com/maps/place/Arbor+Tech+of+Toledo,+LLC+Tree+Service/data=!4m7!3m6!1s0x883c4f2143d782f7:0x905384b2b3136e8f!8m2!3d41.6058386!4d-83.7560161!16s%2Fg%2F11g9m9q21z!19sChIJ94LXQyFPPIgRj24Ts7KEU5A","Arbor Tech of Toledo, LLC Tree Service",4.9,147,Tree service,"8959 Airport Hwy, Holland, OH 43528, United States","J64V+8H Holland, Ohio, USA",,+1 419-307-4627,Open 24 hours,https://lh3.googleusercontent.com/gps-cs-s/APNQkAGwvCxeCwcBLTjh5KxhxPvXY5NN8ZFRf5-Wt25IhcoDtzqF2_MBn_gklf2sUlg8OzXQULkXADn0jjv9GgbLe6q47oHAm05xRZEMmEHsgq2QmW3cyPG-FWPD8X-XFIaB4C9VJk3F=w427-h240-k-no,true,Open 24 hours,Open 24 hours,Open 24 hours,Open 24 hours,Open 24 hours,7 am–7 pm,Open 24 hours,"https://www.google.com/maps/search/tree+service+businesses+in+Toledo+Lincoln+NE/@41.6528052,-83.5378674,14z",2026-04-29T06:35:27.596Z,
"https://www.google.com/maps/place/Steve%27s+Tree+Services,+Landscape,+Hauling+%26+Excavating/data=!4m7!3m6!1s0x883c7b97ab640037:0x764f405c3554cb0d!8m2!3d41.6398406!4d-83.7540699!16s%2Fg%2F1pztc03n_!19sChIJNwBkq5d7PIgRDctUNVxAT3Y","Steve's Tree Services, Landscape, Hauling & Excavating",4.8,217,Tree service,"8856 Hill Ave, Holland, OH 43528, United States","J6QW+W9 Holland, Ohio, USA",https://www.stevestoledotree.com/?utm_source=googlelocal&utm_medium=organic,+1 419-324-5226,Open 24 hours,https://lh3.googleusercontent.com/gps-cs-s/APNQkAHsZJaQ37ULW26k-3ap1n2fLu4EU-cwr5eDmtolJE_O71AHqgb_VAVBp6AFb3_yOsIes5qj6nMbzRy2EJSiCjnonSbPHME5A-TzU2udUgsD2TK8xrPDCJZqE6o1Wg-WYjm57Khy8FuvgGqW=w408-h544-k-no,true,Open 24 hours,Open 24 hours,Open 24 hours,Open 24 hours,Open 24 hours,Open 24 hours,Open 24 hours,"https://www.google.com/maps/search/tree+service+businesses+in+Toledo+Lincoln+NE/@41.6528052,-83.5378674,14z",2026-04-29T06:35:33.824Z,
"https://www.google.com/maps/place/Ruiz+Tree+Service,+LLC/data=!4m7!3m6!1s0x883c795e96ae77f3:0x973352f17dae8e6!8m2!3d41.6562745!4d-83.571897!16s%2Fg%2F11fsflx0sc!19sChIJ83eull55PIgR5ujaFy81cwk","Ruiz Tree Service, LLC",4.3,42,Tree service,,,http://ruiztree.com/,+1 419-514-0284,Open 24 hours,https://lh3.googleusercontent.com/gps-cs-s/APNQkAHdq_rGSYjsQHdUq3PiTyLsG549Y_fhL4kP7-epmmlTYJYnICyqd_6-WDlMiZMBCHl8Jy0PCZi-P3uMY-ScatIXd7uCNOy5rW4ZfT2mhRuFxow5vqAqW-W1uVISkv4g9c0uXPgz=w408-h544-k-no,true,Open 24 hours,Open 24 hours,Open 24 hours,Open 24 hours,Open 24 hours,Open 24 hours,Open 24 hours,"https://www.google.com/maps/search/tree+service+businesses+in+Toledo+Lincoln+NE/@41.6528052,-83.5378674,14z",2026-04-29T06:35:38.933Z,
https://www.google.com/maps/place/ER+Tree+Service+LLC/data=!4m7!3m6!1s0x54eab9b986a13c2f:0x4f9b85aa34a73501!8m2!3d44.7084715!4d-123.9961694!16s%2Fg%2F11h7148qk4!19sChIJLzyhhrm56lQRATWnNKqFm08,ER Tree Service LLC,5.0,34,Tree service,,,http://ertreeservice.com/,+1 541-992-5986,Open 24 hours,https://lh3.googleusercontent.com/gps-cs-s/APNQkAFlZQIrNrpCqlSeTa3kZz53DREBXr5-lK3InQZDnr8ba2fof4JHz6pKh2T9f0-pNBwaAoZfj0XplLLJyDhw55M9Yyh1BMvIvOeg55mOUmppJerNRVAPeB-YO_cAkFML9SmQAmmthdAVbNN7=w426-h240-k-no,true,Open 24 hours,Open 24 hours,Open 24 hours,Open 24 hours,Open 24 hours,Closed,Open 24 hours,"https://www.google.com/maps/search/tree+service+businesses+in+Siletz+Lincoln+NE/@44.7217836,-123.920113,14z",2026-04-29T06:35:53.472Z,Identifies as veteran-owned
https://www.google.com/maps/place/Charlie%27s+Tree+Service/data=!4m7!3m6!1s0x54ea8f4980d23b99:0x49828d7b379d3221!8m2!3d44.7676804!4d-124.0005469!16s%2Fg%2F11fsq05mt6!19sChIJmTvSgEmP6lQRITKdN3uNgkk,Charlie's Tree Service,5.0,3,Tree service,,,https://charlietreeservicesor.com/,+1 541-994-3539,Open 24 hours,https://lh3.googleusercontent.com/gps-cs-s/APNQkAHXDgiu1czztPYiIfw-h9-9X-8jHndJhUcGR2PQg6OaV3UTKNenELYYTa8nHuVTUzq8pjdTYYd48Dr0Gom1WIK0IkIWSMB_6hf8PCdZUD4SD_G9aC9KPV_lLOBgePikfBw5shA=w408-h544-k-no,true,Open 24 hours,Open 24 hours,Open 24 hours,Open 24 hours,Open 24 hours,Open 24 hours,Open 24 hours,"https://www.google.com/maps/search/tree+service+businesses+in+Siletz+Lincoln+NE/@44.7217836,-123.920113,14z",2026-04-29T06:35:58.390Z,
https://www.google.com/maps/place/Klug%27s+Tree+Service/data=!4m7!3m6!1s0x8796b9db12003a67:0xc1d716bbc9d029d1!8m2!3d40.7258519!4d-96.5899172!16s%2Fg%2F11fl78hs_k!19sChIJZzoAEtu5locR0SnQybsW18E,Klug's Tree Service,4.9,96,Tree service,"9635 Yankee Hill Rd, Lincoln, NE 68526, United States","PCG6+82 Lincoln, Nebraska, USA",http://www.klugstreeservice.com/,+1 402-640-4342,Open 24 hours,https://lh3.googleusercontent.com/gps-cs-s/APNQkAGpD4bHAQZSAiC1mXNoszarrY6xJmS9vY0vOuq8pgxMUW8-ne1vefB45B9hS081bnNKo4CLqv-5TbbHsTCWwCLC5CZKWId2G7x1hMESNQA1ld2KVlW4pGSVB2a_q5_mo4ocHJaj0c5c0fhu=w408-h544-k-no,true,Open 24 hours,Open 24 hours,Open 24 hours,Open 24 hours,Open 24 hours,Open 24 hours,Open 24 hours,"https://www.google.com/maps/search/tree+service+businesses+in+Siletz+Lincoln+NE/@44.7217836,-123.920113,14z",2026-04-29T06:36:04.195Z,
"https://www.google.com/maps/place/ARK+Tree+Services,+LLC/data=!4m7!3m6!1s0x87969779fb69cffb:0xa8002ae97b79d0a7!8m2!3d40.7909571!4d-96.7272188!16s%2Fg%2F11rqz6d31j!19sChIJ-89p-3mXlocRp9B5e-kqAKg","ARK Tree Services, LLC",5.0,3,Tree service,"515 W South St, Lincoln, NE 68522, United States","Q7RF+94 Lincoln, Nebraska, USA",,+1 402-440-1230,Open 24 hours,https://streetviewpixels-pa.googleapis.com/v1/thumbnail?panoid=6HYD0Jh6ea61pbqKlSvF5w&cb_client=search.gws-prod.gps&w=408&h=240&yaw=10.70193&pitch=0&thumbfov=100,true,Open 24 hours,Open 24 hours,Open 24 hours,Open 24 hours,Open 24 hours,Open 24 hours,Open 24 hours,"https://www.google.com/maps/search/tree+service+businesses+in+Siletz+Lincoln+NE/@44.7217836,-123.920113,14z",2026-04-29T06:36:11.185Z,
https://www.google.com/maps/place/True+Blue+Tree+Service+LLC/data=!4m7!3m6!1s0x8796bf63eda3ffff:0xacedf6f1d2a7ab6a!8m2!3d40.9291904!4d-96.5981735!16s%2Fg%2F11pkk99vdv!19sChIJ__-j7WO_locRaqun0vH27aw,True Blue Tree Service LLC,5.0,17,Tree service,"8940 Waverly Rd, Lincoln, NE 68517, United States","WCH2+MP Lincoln, Nebraska, USA",https://www.truebluetreelincoln.com/contact,+1 402-525-6968,Closed · Opens 8 am,https://lh3.googleusercontent.com/gps-cs-s/APNQkAH9OMCE4CJd66t3OsYqhtp5GZvcyuGFDqcaV3EWC-JG1I1aNDKxnWaqqKYuqikbmf8y5570CvNL2vK6n8nqhjVsDEfQFaC5-8S295yn6jQES5PlrrL0jaZYGcvf-iDpR2gkSoG0vQ=w408-h306-k-no,true,8 am–5 pm,8 am–5 pm,8 am–5 pm,8 am–5 pm,Closed,Closed,8 am–5 pm,"https://www.google.com/maps/search/tree+service+businesses+in+Siletz+Lincoln+NE/@44.7217836,-123.920113,14z",2026-04-29T06:36:15.999Z,